,index,name,year,latitude,longitude,city,region,zipCode,cuisine,price,url,star
0,0,Kilian Stuba,2019,47.34858,10.17114,Kleinwalsertal,Austria,87568,Creative,$$$$$,https://guide.michelin.com/at/en/vorarlberg/kleinwalsertal/restaurant/kilian-stuba,1
1,1,Pfefferschiff,2019,47.83787,13.07917,Hallwang,Austria,5300,Classic cuisine,$$$$$,https://guide.michelin.com/at/en/salzburg-region/hallwang/restaurant/pfefferschiff,1
2,2,Esszimmer,2019,47.80685,13.03409,Salzburg,Austria,5020,Creative,$$$$$,https://guide.michelin.com/at/en/salzburg-region/salzburg/restaurant/esszimmer,1
3,3,Carpe Diem,2019,47.80001,13.04006,Salzburg,Austria,5020,Market cuisine,$$$$$,https://guide.michelin.com/at/en/salzburg-region/salzburg/restaurant/carpe-diem,1
4,4,Edvard,2019,48.216503,16.36852,Wien,Austria,1010,Modern cuisine,$$$$,https://guide.michelin.com/at/en/vienna/wien/restaurant/edvard,1
5,5,Das Loft,2019,48.21272,16.37931,Wien,Austria,1020,Modern cuisine,$$$$$,https://guide.michelin.com/at/en/vienna/wien/restaurant/das-loft,1
6,6,Pramerl & the Wolf,2019,48.20945,16.37174,Wien,Austria,1090,Creative,$$$$$,https://guide.michelin.com/at/en/vienna/wien/restaurant/pramerl-the-wolf,1
7,7,Walter Bauer,2019,48.20923,16.37672,Wien,Austria,1010,Classic cuisine,$$$$$,https://guide.michelin.com/at/en/vienna/wien/restaurant/walter-bauer,1
8,8,SHIKI,2019,48.204067,16.37098,Wien,Austria,1010,Japanese,$$$$$,https://guide.michelin.com/at/en/vienna/wien/restaurant/shiki,1
9,9,Tian,2019,48.20513,16.37456,Wien,Austria,1010,Vegetarian,$$$$$,https://guide.michelin.com/at/en/vienna/wien/restaurant/tian,1
10,10,aend,2019,48.18957,16.34115,Wien,Austria,1010,Modern cuisine,$$$$$,https://guide.michelin.com/at/en/vienna/wien/restaurant/aend,1
11,11,Le Ciel by Toni Mörwald,2019,48.20209,16.37156,Wien,Austria,1010,Classic cuisine,$$$$$,https://guide.michelin.com/at/en/vienna/wien/restaurant/le-ciel-by-toni-morwald,1
12,12,Chez TJ,2019,37.39468,-122.08044,South San Francisco,California,94041,Contemporary,$$$$,https://guide.michelin.com/us/en/california/south-san-francisco/restaurant/chez-tj,1
13,13,Protégé,2019,37.427853,-122.14362,South San Francisco,California,94301,Contemporary,$$$,https://guide.michelin.com/us/en/california/south-san-francisco/restaurant/protege,1
14,14,Madera,2019,37.42014,-122.21151,San Francisco,California,94025,Contemporary,$$$,https://guide.michelin.com/us/en/california/san-francisco/restaurant/madera,1
15,15,The Village Pub,2019,37.42897,-122.25178,San Francisco,California,94062,Contemporary,$$$,https://guide.michelin.com/us/en/california/san-francisco/restaurant/the-village-pub,1
16,16,Plumed Horse,2019,37.25648,-122.03537,South San Francisco,California,95070,Contemporary,$$$$,https://guide.michelin.com/us/en/california/south-san-francisco/restaurant/plumed-horse,1
17,17,Wakuriya,2019,37.52114,-122.3366,San Francisco,California,94402,Japanese,$$$$,https://guide.michelin.com/us/en/california/san-francisco/restaurant/wakuriya,1
18,18,Sushi Yoshizumi,2019,37.565075,-122.3211,San Francisco,California,94401,Japanese,$$$$,https://guide.michelin.com/us/en/california/san-francisco/restaurant/sushi-yoshizumi,1
19,19,Rasa,2019,37.577522,-122.345985,San Francisco,California,94010,Indian,$$,https://guide.michelin.com/us/en/california/san-francisco/restaurant/rasa,1
20,20,Maum,2019,37.72669,-122.414215,South San Francisco,California,94101,Korean,$$$$,https://guide.michelin.com/us/en/california/south-san-francisco/restaurant/maum,1
21,21,Al's Place,2019,37.748924,-122.42013,San Francisco,California,94110,Californian,$$,https://guide.michelin.com/us/en/california/san-francisco/restaurant/al-s-place,1
22,22,Aster,2019,37.755054,-122.423134,San Francisco,California,94110,Californian,$$$,https://guide.michelin.com/us/en/california/san-francisco/restaurant/aster,1
23,23,Omakase,2019,37.77077,-122.40298,San Francisco,California,94103,Japanese,$$$$,https://guide.michelin.com/us/en/california/san-francisco/restaurant/omakase,1
24,24,Commonwealth,2019,37.761395,-122.41946,San Francisco,California,94110,Contemporary,$$,https://guide.michelin.com/us/en/california/san-francisco/restaurant/commonwealth,1
25,25,Luce,2019,37.78194,-122.40498,San Francisco,California,94103,Contemporary,$$$,https://guide.michelin.com/us/en/california/san-francisco/restaurant/luce,1
26,26,Birdsong,2019,37.779495,-122.41048,San Francisco,California,94101,American,$$$$,https://guide.michelin.com/us/en/california/san-francisco/restaurant/birdsong,1
27,27,In Situ,2019,37.785633,-122.40113,San Francisco,California,94103,International,$$$$,https://guide.michelin.com/us/en/california/san-francisco/restaurant/in-situ,1
28,28,Mourad,2019,37.78695,-122.39987,San Francisco,California,94105,Moroccan,$$$,https://guide.michelin.com/us/en/california/san-francisco/restaurant/mourad,1
29,29,Hashiri,2019,37.783062,-122.40754,San Francisco,California,94103,Japanese,$$$$,https://guide.michelin.com/us/en/california/san-francisco/restaurant/hashiri,1
30,30,Angler,2019,37.793167,-122.39213,San Francisco,California,94101,Contemporary,$$$$,https://guide.michelin.com/us/en/california/san-francisco/restaurant/angler,1
31,31,Rich Table,2019,37.774914,-122.42271,San Francisco,California,94102,Contemporary,$$$,https://guide.michelin.com/us/en/california/san-francisco/restaurant/rich-table,1
32,32,Kin Khao,2019,37.785267,-122.40951,San Francisco,California,94102,Thai,$$,https://guide.michelin.com/us/en/california/san-francisco/restaurant/kin-khao,1
33,33,Michael Mina,2019,37.79349,-122.399574,San Francisco,California,94102,Contemporary,$$$$,https://guide.michelin.com/us/en/california/san-francisco/restaurant/michael-mina,1
34,34,Sons & Daughters,2019,37.79037,-122.40917,San Francisco,California,94108,Contemporary,$$$$,https://guide.michelin.com/us/en/california/san-francisco/restaurant/sons-daughters,1
35,35,Mister Jiu's,2019,37.79371,-122.406654,San Francisco,California,94108,Chinese,$$$,https://guide.michelin.com/us/en/california/san-francisco/restaurant/mister-jius,1
36,36,Nico,2019,37.795803,-122.40333,San Francisco,California,94101,Contemporary,$$$,https://guide.michelin.com/us/en/california/san-francisco/restaurant/nico,1
37,37,jū-ni,2019,37.77672,-122.43886,San Francisco,California,94117,Japanese,$$$$,https://guide.michelin.com/us/en/california/san-francisco/restaurant/ju-ni,1
38,38,Keiko à Nob Hill,2019,37.793106,-122.41445,San Francisco,California,94109,Fusion,$$$$,https://guide.michelin.com/us/en/california/san-francisco/restaurant/keiko-a-nob-hill,1
39,39,The Progress,2019,37.78371,-122.43282,San Francisco,California,94115,Californian,$$$,https://guide.michelin.com/us/en/california/san-francisco/restaurant/the-progress,1
40,40,State Bird Provisions,2019,37.783737,-122.43283,San Francisco,California,94115,American,$$,https://guide.michelin.com/us/en/california/san-francisco/restaurant/state-bird-provisions,1
41,41,Octavia,2019,37.787857,-122.42709,San Francisco,California,94109,Californian,$$$,https://guide.michelin.com/us/en/california/san-francisco/restaurant/octavia,1
42,42,SPQR,2019,37.78732,-122.43375,San Francisco,California,94115,Italian,$$$,https://guide.michelin.com/us/en/california/san-francisco/restaurant/spqr,1
43,43,Lord Stanley,2019,37.79592,-122.42208,San Francisco,California,94109,Californian,$$$,https://guide.michelin.com/us/en/california/san-francisco/restaurant/lord-stanley,1
44,44,Kinjo,2019,37.79699,-122.422005,San Francisco,California,94109,Japanese,$$$$,https://guide.michelin.com/us/en/california/san-francisco/restaurant/kinjo,1
45,45,Sorrel,2019,37.788334,-122.44614,San Francisco,California,94101,Californian,$$$,https://guide.michelin.com/us/en/california/san-francisco/restaurant/sorrel,1
46,46,Gary Danko,2019,37.80599,-122.42066,San Francisco,California,94109,Contemporary,$$$$,https://guide.michelin.com/us/en/california/san-francisco/restaurant/gary-danko,1
47,47,Bar Crenn,2019,37.798435,-122.43581,San Francisco,California,94101,French,$$$,https://guide.michelin.com/us/en/california/san-francisco/restaurant/bar-crenn,1
48,48,Spruce,2019,37.78772,-122.45264,San Francisco,California,94118,Californian,$$$,https://guide.michelin.com/us/en/california/san-francisco/restaurant/spruce,1
49,49,Wako,2019,37.783035,-122.461525,San Francisco,California,94118,Japanese,$$$$,https://guide.michelin.com/us/en/california/san-francisco/restaurant/wako,1
50,50,Madcap,2019,37.974712,-122.56168,San Francisco,California,94960,Contemporary,$$$$,https://guide.michelin.com/us/en/california/san-francisco/restaurant/madcap,1
51,51,Aubergine,2019,36.55406,-121.924355,Monterey,California,93921,Contemporary,$$$$,https://guide.michelin.com/us/en/california/monterey/restaurant/aubergine,1
52,52,Kenzo,2019,38.29924,-122.28928,San Francisco,California,94559,Japanese,$$$$,https://guide.michelin.com/us/en/california/san-francisco/restaurant/kenzo,1
53,53,La Toque,2019,38.30351,-122.28349,San Francisco,California,94573,Contemporary,$$$$,https://guide.michelin.com/us/en/california/san-francisco/restaurant/la-toque,1
54,54,Bouchon,2019,38.40258,-122.3619,San Francisco,California,94599,French,$$$,https://guide.michelin.com/us/en/california/san-francisco/restaurant/bouchon,1
55,55,Auberge du Soleil,2019,38.49199,-122.40534,San Francisco,California,94573,Californian,$$$$,https://guide.michelin.com/us/en/california/san-francisco/restaurant/auberge-du-soleil,1
56,56,Farmhouse Inn & Restaurant,2019,38.49039,-122.8835,San Francisco,California,95436,Californian,$$$$,https://guide.michelin.com/us/en/california/san-francisco/restaurant/farmhouse-inn-restaurant,1
57,57,The Kitchen,2019,38.58894,-121.41424,Sacramento,California,95825,Contemporary,$$$$,https://guide.michelin.com/us/en/california/us-sacramento/restaurant/the-kitchen559371,1
58,58,Madrona Manor,2019,38.60428,-122.88647,San Francisco,California,95448,Contemporary,$$$$,https://guide.michelin.com/us/en/california/san-francisco/restaurant/madrona-manor,1
59,59,Harbor House,2019,39.135876,-123.719444,San Francisco,California,,Californian,$$$$,https://guide.michelin.com/us/en/california/san-francisco/restaurant/harbor-house,1
60,60,Shin Sushi,2019,34.15784,-118.49415,Los Angeles,California,91436,Japanese,$$$,https://guide.michelin.com/us/en/california/us-los-angeles/restaurant/shin-sushi,1
61,61,Rustic Canyon,2019,34.024952,-118.49118,Los Angeles,California,90401,Californian,$$$,https://guide.michelin.com/us/en/california/us-los-angeles/restaurant/rustic-canyon,1
62,62,Dialogue,2019,34.01679,-118.49748,Los Angeles,California,90401,Contemporary,$$$$,https://guide.michelin.com/us/en/california/us-los-angeles/restaurant/dialogue,1
63,63,Kato,2019,34.041683,-118.460915,Los Angeles,California,90025,Asian,$$$,https://guide.michelin.com/us/en/california/us-los-angeles/restaurant/kato,1
64,64,CUT,2019,34.067036,-118.401024,Los Angeles,California,90212,Steakhouse,$$$$,https://guide.michelin.com/us/en/california/us-los-angeles/restaurant/cut559418,1
65,65,Nozawa Bar,2019,34.0683,-118.39849,Los Angeles,California,90210,Japanese,$$$$,https://guide.michelin.com/us/en/california/us-los-angeles/restaurant/nozawa-bar,1
66,66,Shunji,2019,34.028496,-118.45195,Los Angeles,California,90064,Japanese,$$$$,https://guide.michelin.com/us/en/california/us-los-angeles/restaurant/shunji,1
67,67,Maude,2019,34.064346,-118.39904,Los Angeles,California,90212,Contemporary,$$$$,https://guide.michelin.com/us/en/california/us-los-angeles/restaurant/maude,1
68,68,Mori Sushi,2019,34.033398,-118.44229,Los Angeles,California,90064,Japanese,$$$$,https://guide.michelin.com/us/en/california/us-los-angeles/restaurant/mori-sushi,1
69,69,Trois Mec,2019,34.084255,-118.33851,Los Angeles,California,90028,Contemporary,$$$$,https://guide.michelin.com/us/en/california/us-los-angeles/restaurant/trois-mec,1
70,70,Osteria Mozza,2019,34.08342,-118.338974,Los Angeles,California,90028,Italian,$$$,https://guide.michelin.com/us/en/california/us-los-angeles/restaurant/osteria-mozza,1
71,71,Kali,2019,34.083443,-118.32455,Los Angeles,California,90028,Californian,$$$,https://guide.michelin.com/us/en/california/us-los-angeles/restaurant/kali,1
72,72,Le Comptoir,2019,34.06354,-118.30057,Los Angeles,California,90020,Californian,$$$$,https://guide.michelin.com/us/en/california/us-los-angeles/restaurant/le-comptoir,1
73,73,Q Sushi,2019,34.046883,-118.255844,Los Angeles,California,90017,Japanese,$$$$,https://guide.michelin.com/us/en/california/us-los-angeles/restaurant/q-sushi,1
74,74,Shibumi,2019,34.044155,-118.256134,Los Angeles,California,90014,Japanese,$$$$,https://guide.michelin.com/us/en/california/us-los-angeles/restaurant/shibumi559644,1
75,75,Hayato,2019,34.03311,-118.24265,Los Angeles,California,90001,Japanese,$$$$,https://guide.michelin.com/us/en/california/us-los-angeles/restaurant/hayato,1
76,76,Bistro Na's,2019,34.104412,-118.07159,Los Angeles,California,91780,Chinese,$$,https://guide.michelin.com/us/en/california/us-los-angeles/restaurant/bistro-na-s,1
77,77,Orsa & Winston,2019,33.92145,-118.275406,Los Angeles,California,90013,Fusion,$$$$,https://guide.michelin.com/us/en/california/us-los-angeles/restaurant/orsa-winston,1
78,78,Taco María,2019,33.69475,-117.924965,Costa Mesa,California,92626,Mexican,$$$,https://guide.michelin.com/us/en/california/us-costa-mesa/restaurant/taco-maria,1
79,79,Hana re,2019,33.67759,-117.886566,Costa Mesa,California,92626,Japanese,$$$$,https://guide.michelin.com/us/en/california/us-costa-mesa/restaurant/hana-re,1
80,80,Addison,2019,32.939903,-117.20013,San Diego,California,92130,Contemporary,$$$$,https://guide.michelin.com/us/en/california/us-san-diego/restaurant/addison,1
81,81,Parachute,2019,41.94483,-87.70638,Chicago,Chicago,60618,Fusion,$$,https://guide.michelin.com/us/en/illinois/chicago/restaurant/parachute,1
82,82,Goosefoot,2019,41.96856,-87.69596,Chicago,Chicago,60625,Contemporary,$$$$,https://guide.michelin.com/us/en/illinois/chicago/restaurant/goosefoot,1
83,83,Elizabeth,2019,41.969555,-87.688736,Chicago,Chicago,60625,Contemporary,$$$$,https://guide.michelin.com/us/en/illinois/chicago/restaurant/elizabeth,1
84,84,EL Ideas,2019,41.863,-87.68686,Chicago,Chicago,60618,Contemporary,$$$$,https://guide.michelin.com/us/en/illinois/chicago/restaurant/el-ideas,1
85,85,Band of Bohemia,2019,41.967308,-87.67477,Chicago,Chicago,60640,Gastropub,$$$,https://guide.michelin.com/us/en/illinois/chicago/restaurant/band-of-bohemia,1
86,86,Schwa,2019,41.90888,-87.66792,Chicago,Chicago,60662,Contemporary,$$$$,https://guide.michelin.com/us/en/illinois/chicago/restaurant/schwa,1
87,87,Temporis,2019,41.898907,-87.66725,Chicago,Chicago,,Contemporary,$$$$,https://guide.michelin.com/us/en/illinois/chicago/restaurant/temporis,1
88,88,Entente,2019,41.93721,-87.6652,Chicago,Chicago,60657,Contemporary,$$$,https://guide.michelin.com/us/en/illinois/chicago/restaurant/entente,1
89,89,Elske,2019,41.884426,-87.66071,Chicago,Chicago,60607,Contemporary,$$$$,https://guide.michelin.com/us/en/illinois/chicago/restaurant/elske,1
90,90,Dusek's (Board & Beer),2019,41.857853,-87.65757,Chicago,Chicago,60608,Gastropub,$$,https://guide.michelin.com/us/en/illinois/chicago/restaurant/dusek-s-board-beer,1
91,91,Roister,2019,41.886658,-87.65187,Chicago,Chicago,60607,Contemporary,$$$,https://guide.michelin.com/us/en/illinois/chicago/restaurant/roister,1
92,92,Boka,2019,41.91363,-87.64806,Chicago,Chicago,60614,Contemporary,$$$,https://guide.michelin.com/us/en/illinois/chicago/restaurant/boka,1
93,93,Blackbird,2019,41.88423,-87.64356,Chicago,Chicago,60661,Contemporary,$$$,https://guide.michelin.com/us/en/illinois/chicago/restaurant/blackbird,1
94,94,Sepia,2019,41.88394,-87.64247,Chicago,Chicago,60661,American,$$$,https://guide.michelin.com/us/en/illinois/chicago/restaurant/sepia,1
95,95,North Pond,2019,41.9296,-87.63762,Chicago,Chicago,60614,Contemporary,$$$,https://guide.michelin.com/us/en/illinois/chicago/restaurant/north-pond,1
96,96,Everest,2019,41.87597,-87.63212,Chicago,Chicago,60605,French,$$$$,https://guide.michelin.com/us/en/illinois/chicago/restaurant/everest,1
97,97,Topolobampo,2019,41.89047,-87.63085,Chicago,Chicago,60654,Mexican,$$$$,https://guide.michelin.com/us/en/illinois/chicago/restaurant/topolobampo,1
98,98,Spiaggia,2019,41.90062,-87.62457,Chicago,Chicago,60611,Italian,$$$$,https://guide.michelin.com/us/en/illinois/chicago/restaurant/spiaggia,1
99,99,Monte,2019,45.08279,13.631168,Rovinj,Croatia,52210,Creative,$$$$$,https://guide.michelin.com/hr/en/istria/rovinj/restaurant/monte,1
100,100,Draga di Lovrana,2019,45.275867,14.251401,Lovran,Croatia,51415,Modern cuisine,$$$$$,https://guide.michelin.com/hr/en/primorje-gorski-kotar/lovran/restaurant/draga-di-lovrana,1
101,101,Noel,2019,45.811054,15.988205,Zagreb,Croatia,10000,Modern cuisine,$$$$$,https://guide.michelin.com/hr/en/zagreb-region/zagreb/restaurant/noel,1
102,102,Pelegrini,2019,43.73603,15.888903,Šibenik,Croatia,22000,Modern cuisine,$$$$$,https://guide.michelin.com/hr/en/sibenik-knin/sibenik/restaurant/pelegrini,1
103,103,360º,2019,42.641563,18.111523,Dubrovnik,Croatia,20000,Modern cuisine,$$$$$,https://guide.michelin.com/hr/en/dubrovnik-neretva/dubrovnik/restaurant/360%C2%BA,1
104,104,Field,2019,50.0919,14.42193,Praha,Czech Republic,110 00,Modern cuisine,$$$$$,https://guide.michelin.com/cz/en/prague/praha/restaurant/field,1
105,105,La Degustation Bohême Bourgeoise,2019,50.09115,14.42511,Praha,Czech Republic,110 00,Modern cuisine,$$$$$,https://guide.michelin.com/cz/en/prague/praha/restaurant/la-degustation-boheme-bourgeoise,1
106,106,Gastromé,2019,56.15788,10.20937,Aarhus,Denmark,8000,Modern cuisine,$$$,https://guide.michelin.com/dk/en/central-denmark/aarhus/restaurant/gastrome,1
107,107,Domestic,2019,56.15893,10.212132,Aarhus,Denmark,8000,Modern cuisine,$$$,https://guide.michelin.com/dk/en/central-denmark/aarhus/restaurant/domestic,1
108,108,Substans,2019,56.15415,10.20372,Aarhus,Denmark,8000,Modern cuisine,$$$,https://guide.michelin.com/dk/en/central-denmark/aarhus/restaurant/substans,1
109,109,Frederikshøj,2019,56.12497,10.208638,Aarhus,Denmark,8000,Creative,$$$$,https://guide.michelin.com/dk/en/central-denmark/aarhus/restaurant/frederikshoj,1
110,110,Me‚Mu,2019,55.70901,9.53302,Vejle,Denmark,7100,Modern cuisine,$$$,https://guide.michelin.com/dk/en/vejle/restaurant/me%E2%80%9Amu,1
111,111,Ti Trin Ned,2019,55.56659,9.752689,Fredericia,Denmark,7000,Modern cuisine,$$$,https://guide.michelin.com/dk/en/southern-denmark/fredericia/restaurant/ti-trin-ned,1
112,112,Slotskøkkenet,2019,55.771236,11.390805,Hørve,Denmark,4534,Creative,$$$$,https://guide.michelin.com/dk/en/zealand/horve/restaurant/slotskokkenet,1
113,113,Søllerød Kro,2019,55.81325,12.49548,København,Denmark,2840,Modern cuisine,$$,https://guide.michelin.com/dk/en/capital-region/kobenhavn/restaurant/sollerod-kro,1
114,114,Jordnær,2019,55.748226,12.541014,København,Denmark,2820,Danish,$$$,https://guide.michelin.com/dk/en/capital-region/kobenhavn/restaurant/jordnaer,1
115,115,Relæ,2019,55.693233,12.543222,København,Denmark,2200 N,Modern cuisine,$$,https://guide.michelin.com/dk/en/capital-region/kobenhavn/restaurant/relae,1
116,116,Kiin Kiin,2019,55.69188,12.55754,København,Denmark,2200 N,Thai,$$,https://guide.michelin.com/dk/en/capital-region/kobenhavn/restaurant/kiin-kiin,1
117,117,formel B,2019,55.67031,12.53798,København,Denmark,1800 C,Modern cuisine,$$,https://guide.michelin.com/dk/en/capital-region/kobenhavn/restaurant/formel-b,1
118,118,Kokkeriet,2019,55.68768,12.58492,København,Denmark,1306 K,Modern cuisine,$$$,https://guide.michelin.com/dk/en/capital-region/kobenhavn/restaurant/kokkeriet,1
119,119,Clou,2019,55.68342,12.58497,København,Denmark,2100 K,Modern cuisine,$$$$,https://guide.michelin.com/dk/en/capital-region/kobenhavn/restaurant/clou,1
120,120,Marchal,2019,55.68034,12.58508,København,Denmark,1050 K,Modern cuisine,$$,https://guide.michelin.com/dk/en/capital-region/kobenhavn/restaurant/marchal,1
121,121,Kong Hans Kælder,2019,55.6787,12.584003,København,Denmark,1070 K,Classic French,$$$$,https://guide.michelin.com/dk/en/capital-region/kobenhavn/restaurant/kong-hans-kaelder,1
122,122,Stud!o at The Standard,2019,55.67799,12.59191,København,Denmark,1058 K,Creative,$$$,https://guide.michelin.com/dk/en/capital-region/kobenhavn/restaurant/stud-o-at-the-standard,1
123,123,108,2019,55.67785,12.5980835,København,Denmark,1401 K,Modern cuisine,$$$,https://guide.michelin.com/dk/en/capital-region/kobenhavn/restaurant/108,1
124,124,Era Ora,2019,55.673004,12.591292,København,Denmark,1414 K,Italian,$$,https://guide.michelin.com/dk/en/capital-region/kobenhavn/restaurant/era-ora,1
125,125,Alouette,2019,55.66265,12.57634,København,Denmark,2300 S,Modern cuisine,$$$,https://guide.michelin.com/dk/en/capital-region/kobenhavn/restaurant/alouette,1
126,126,Frederiksminde,2019,55.12417,12.04623,Præstø,Denmark,4720,Creative,$$$,https://guide.michelin.com/dk/en/zealand/praesto/restaurant/frederiksminde,1
127,127,Kadeau Bornholm,2019,55.00457,14.969216,Pedersker,Denmark,3720,Creative,$$$$,https://guide.michelin.com/dk/en/capital-region/pedersker/restaurant/kadeau-bornholm,1
128,128,Ask,2019,60.17236,24.95648,Helsingfors / Helsinki,Finland,00170,Modern cuisine,$$$,https://guide.michelin.com/fi/en/uusimaa/helsingfors-helsinki/restaurant/ask,1
129,129,Grön,2019,60.16446,24.93308,Helsingfors / Helsinki,Finland,00180,Finnish,$$$,https://guide.michelin.com/fi/en/uusimaa/helsingfors-helsinki/restaurant/gron,1
130,130,Demo,2019,60.164806,24.941635,Helsingfors / Helsinki,Finland,00120,Modern cuisine,$$$,https://guide.michelin.com/fi/en/uusimaa/helsingfors-helsinki/restaurant/demo,1
131,131,Olo,2019,60.16616,24.947704,Helsingfors / Helsinki,Finland,00170,Modern cuisine,$$$,https://guide.michelin.com/fi/en/uusimaa/helsingfors-helsinki/restaurant/olo,1
132,132,Palace,2019,60.16556,24.95256,Helsingfors / Helsinki,Finland,00130,Modern cuisine,$$$,https://guide.michelin.com/fi/en/uusimaa/helsingfors-helsinki/restaurant/palace,1
133,133,Ora,2019,60.157578,24.942947,Helsingfors / Helsinki,Finland,00150,Modern cuisine,$$$,https://guide.michelin.com/fi/en/uusimaa/helsingfors-helsinki/restaurant/ora,1
134,134,Botrini's,2019,38.02318,23.79377,Athína,Greece,152 33,Mediterranean,$$$$$,https://guide.michelin.com/gr/en/attica/athina/restaurant/botrini-s,1
135,135,Varoulko Seaside,2019,37.937378,23.658577,Athína,Greece,185 33,Seafood,$$$$$,https://guide.michelin.com/gr/en/attica/athina/restaurant/varoulko-seaside,1
136,136,Hytra,2019,37.95818,23.71895,Athína,Greece,11745,Modern cuisine,$$$$$,https://guide.michelin.com/gr/en/attica/athina/restaurant/hytra,1
137,137,Loaf On,2019,22.379858,114.27188,Hong Kong,Hong Kong,,Cantonese,$$,https://guide.michelin.com/hk/en/hong-kong-region/hong-kong/restaurant/loaf-on,1
138,138,Lei Garden (Kwun Tong),2019,22.312672,114.22482,Hong Kong,Hong Kong,,Cantonese,$,https://guide.michelin.com/hk/en/hong-kong-region/hong-kong/restaurant/lei-garden-kwun-tong,1
139,139,Tim Ho Wan (Sham Shui Po),2019,22.32805,114.16665,Hong Kong,Hong Kong,,Dim Sum,$,https://guide.michelin.com/hk/en/hong-kong-region/hong-kong/restaurant/tim-ho-wan-sham-shui-po,1
140,140,Lei Garden (Mong Kok),2019,22.320219,114.17133,Hong Kong,Hong Kong,,Cantonese,$,https://guide.michelin.com/hk/en/hong-kong-region/hong-kong/restaurant/lei-garden-mong-kok,1
141,141,Ming Court,2019,22.318314,114.16933,Hong Kong,Hong Kong,,Cantonese,$$$,https://guide.michelin.com/hk/en/hong-kong-region/hong-kong/restaurant/ming-court,1
142,142,Yat Tung Heen (Jordan),2019,22.308014,114.17147,Hong Kong,Hong Kong,,Cantonese,$$,https://guide.michelin.com/hk/en/hong-kong-region/hong-kong/restaurant/yat-tung-heen-jordan,1
143,143,Fu Ho (Tsim Sha Tsui),2019,22.3022,114.17194,Hong Kong,Hong Kong,,Cantonese,$$,https://guide.michelin.com/hk/en/hong-kong-region/hong-kong/restaurant/fu-ho-tsim-sha-tsui,1
144,144,Shang Palace,2019,22.297325,114.177155,Hong Kong,Hong Kong,,Cantonese,$$$,https://guide.michelin.com/hk/en/hong-kong-region/hong-kong/restaurant/shang-palace,1
145,145,IM Teppanyaki & Wine,2019,22.280807,114.19211,Hong Kong,Hong Kong,,Teppanyaki,$$,https://guide.michelin.com/hk/en/hong-kong-region/hong-kong/restaurant/im-teppanyaki-wine,1
146,146,Ah Yat Harbour View (Tsim Sha Tsui),2019,22.296984,114.17197,Hong Kong,Hong Kong,,Cantonese,$$,https://guide.michelin.com/hk/en/hong-kong-region/hong-kong/restaurant/ah-yat-harbour-view-tsim-sha-tsui,1
147,147,Rech,2019,22.293434,114.174034,Hong Kong,Hong Kong,,Seafood,$$$$,https://guide.michelin.com/hk/en/hong-kong-region/hong-kong/restaurant/rech,1
148,148,Spring Moon,2019,22.294943,114.17182,Hong Kong,Hong Kong,,Cantonese,$$$,https://guide.michelin.com/hk/en/hong-kong-region/hong-kong/restaurant/spring-moon,1
149,149,Imperial Treasure Fine Chinese Cuisine,2019,22.296177,114.170006,Hong Kong,Hong Kong,,Cantonese,$$,https://guide.michelin.com/hk/en/hong-kong-region/hong-kong/restaurant/imperial-treasure-fine-chinese-cuisine,1
150,150,Sushi Tokami,2019,22.296112,114.16916,Hong Kong,Hong Kong,,Sushi,$$$$$,https://guide.michelin.com/hk/en/hong-kong-region/hong-kong/restaurant/sushi-tokami,1
151,151,Tosca,2019,22.30357,114.16007,Hong Kong,Hong Kong,,Italian,$$$,https://guide.michelin.com/hk/en/hong-kong-region/hong-kong/restaurant/tosca352519,1
152,152,Épure,2019,22.29583,114.169304,,Hong Kong,,French,$$$,https://guide.michelin.com/hk/en/hong-kong-region/hong-kong/restaurant/epure,1
153,153,Yee Tung Heen,2019,22.282295,114.184135,Hong Kong,Hong Kong,,Cantonese,$$,https://guide.michelin.com/hk/en/hong-kong-region/hong-kong/restaurant/yee-tung-heen,1
154,154,Yè Shanghai (Tsim Sha Tsui),2019,22.295143,114.168236,Hong Kong,Hong Kong,,Shanghainese,$,https://guide.michelin.com/hk/en/hong-kong-region/hong-kong/restaurant/ye-shanghai-tsim-sha-tsui,1
155,155,Ho Hung Kee,2019,22.280058,114.18364,Hong Kong,Hong Kong,,Noodles and congee,$,https://guide.michelin.com/hk/en/hong-kong-region/hong-kong/restaurant/ho-hung-kee,1
156,156,Jardin de Jade (Wan Chai),2019,22.28025,114.17716,Hong Kong,Hong Kong,,Shanghainese,$$,https://guide.michelin.com/hk/en/hong-kong-region/hong-kong/restaurant/jardin-de-jade-wan-chai,1
157,157,Zhejiang Heen,2019,22.2787,114.17763,Hong Kong,Hong Kong,,Shanghainese,$$,https://guide.michelin.com/hk/en/hong-kong-region/hong-kong/restaurant/zhejiang-heen,1
158,158,Takumi by Daisuke Mori,2019,22.276512,114.17718,Hong Kong,Hong Kong,,Innovative,$$$$$,https://guide.michelin.com/hk/en/hong-kong-region/hong-kong/restaurant/takumi-by-daisuke-mori,1
159,159,Kam's Roast Goose,2019,22.277693,114.175385,Hong Kong,Hong Kong,,Cantonese Roast Meats,$,https://guide.michelin.com/hk/en/hong-kong-region/hong-kong/restaurant/kam-s-roast-goose,1
160,160,Pang's Kitchen,2019,22.26921,114.18452,Hong Kong,Hong Kong,,Cantonese,$,https://guide.michelin.com/hk/en/hong-kong-region/hong-kong/restaurant/pang-s-kitchen,1
161,161,Xin Rong Ji,2019,22.278013,114.17273,Hong Kong,Hong Kong,,Taizhou,$$$,https://guide.michelin.com/hk/en/hong-kong-region/hong-kong/restaurant/xin-rong-ji,1
162,162,Qi (Wan Chai),2019,22.276443,114.17126,Hong Kong,Hong Kong,,Sichuan,$,https://guide.michelin.com/hk/en/hong-kong-region/hong-kong/restaurant/qi-wan-chai,1
163,163,Man Wah,2019,22.282213,114.15951,Hong Kong,Hong Kong,,Cantonese,$$$$,https://guide.michelin.com/hk/en/hong-kong-region/hong-kong/restaurant/man-wah,1
164,164,Summer Palace,2019,22.277136,114.1643,Hong Kong,Hong Kong,,Cantonese,$$$,https://guide.michelin.com/hk/en/hong-kong-region/hong-kong/restaurant/summer-palace,1
165,165,Octavium,2019,22.282587,114.1572,Hong Kong,Hong Kong,,Italian,$$$,https://guide.michelin.com/hk/en/hong-kong-region/hong-kong/restaurant/octavium,1
166,166,Arbor,2019,22.283146,114.15542,,Hong Kong,,Innovative,$$$,https://guide.michelin.com/hk/en/hong-kong-region/hong-kong/restaurant/arbor,1
167,167,VEA,2019,22.284931,114.15313,Hong Kong,Hong Kong,,Innovative,$$$$$,https://guide.michelin.com/hk/en/hong-kong-region/hong-kong/restaurant/vea,1
168,168,Mandarin Grill + Bar,2019,22.281048,114.1574,Hong Kong,Hong Kong,,European contemporary,$$$$,https://guide.michelin.com/hk/en/hong-kong-region/hong-kong/restaurant/mandarin-grill-bar,1
169,169,Yat Lok,2019,22.28226,114.155655,Hong Kong,Hong Kong,,Cantonese Roast Meats,$,https://guide.michelin.com/hk/en/hong-kong-region/hong-kong/restaurant/yat-lok,1
170,170,Guo Fu Lou,2019,22.278313,114.16034,Hong Kong,Hong Kong,,Cantonese,$$$,https://guide.michelin.com/hk/en/hong-kong-region/hong-kong/restaurant/guo-fu-lou567828,1
171,171,Celebrity Cuisine,2019,22.284334,114.15312,Hong Kong,Hong Kong,,Cantonese,$$,https://guide.michelin.com/hk/en/hong-kong-region/hong-kong/restaurant/celebrity-cuisine,1
172,172,Sushi Wadatsumi,2019,22.281038,114.15646,Hong Kong,Hong Kong,,Sushi,$$$,https://guide.michelin.com/hk/en/hong-kong-region/hong-kong/restaurant/sushi-wadatsumi,1
173,173,Arcane,2019,22.280624,114.15682,Hong Kong,Hong Kong,,European contemporary,$$$,https://guide.michelin.com/hk/en/hong-kong-region/hong-kong/restaurant/arcane,1
174,174,Duddell's,2019,22.28008,114.157364,Hong Kong,Hong Kong,,Cantonese,$$$,https://guide.michelin.com/hk/en/hong-kong-region/hong-kong/restaurant/duddell-s,1
175,175,Beefbar,2019,22.27982,114.15752,Hong Kong,Hong Kong,,Steakhouse,$$,https://guide.michelin.com/hk/en/hong-kong-region/hong-kong/restaurant/beefbar,1
176,176,New Punjab Club,2019,22.28005,114.15525,Hong Kong,Hong Kong,,Indian,$$,https://guide.michelin.com/hk/en/hong-kong-region/hong-kong/restaurant/new-punjab-club,1
177,177,Kaiseki Den by Saotome,2019,22.285713,114.147865,Hong Kong,Hong Kong,,Japanese,$$$$$,https://guide.michelin.com/hk/en/hong-kong-region/hong-kong/restaurant/kaiseki-den-by-saotome,1
178,178,Belon,2019,22.281662,114.152405,Hong Kong,Hong Kong,,French,$$$,https://guide.michelin.com/hk/en/hong-kong-region/hong-kong/restaurant/belon,1
179,179,Tate,2019,22.280996,114.15276,Hong Kong,Hong Kong,,Innovative,$$$$$,https://guide.michelin.com/hk/en/hong-kong-region/hong-kong/restaurant/tate,1
180,180,The Ocean,2019,22.235146,114.198524,Hong Kong,Hong Kong,,French,$$$$$,https://guide.michelin.com/hk/en/hong-kong-region/hong-kong/restaurant/the-ocean,1
181,181,Costes Downtown,2019,47.50113,19.048595,Budapest,Hungary,1051,Modern cuisine,$$$$,https://guide.michelin.com/hu/en/central-hungary/budapest/restaurant/costes-downtown,1
182,182,Borkonyha Winekitchen,2019,47.49953,19.052391,Budapest,Hungary,1051,Modern cuisine,$$$$,https://guide.michelin.com/hu/en/central-hungary/budapest/restaurant/borkonyha-winekitchen,1
183,183,Stand,2019,47.500244,19.059624,Budapest,Hungary,1061,Modern cuisine,$$$,https://guide.michelin.com/hu/en/central-hungary/budapest/restaurant/stand,1
184,184,Babel,2019,47.492603,19.05256,Budapest,Hungary,1052,Modern cuisine,$$$$$,https://guide.michelin.com/hu/en/central-hungary/budapest/restaurant/babel,1
185,185,Costes,2019,47.48873,19.061779,Budapest,Hungary,1092,Modern cuisine,$$$$$,https://guide.michelin.com/hu/en/central-hungary/budapest/restaurant/costes,1
186,186,The Kitchen,2019,22.191442,113.543,Macau,Macau,,Steakhouse,$$$,https://guide.michelin.com/mo/en/macau-region/macau/restaurant/the-kitchen417810,1
187,187,Tim's Kitchen,2019,22.189898,113.5439,Macau,Macau,,Cantonese,$$,https://guide.michelin.com/mo/en/macau-region/macau/restaurant/tim-s-kitchen,1
188,188,Wing Lei,2019,22.188028,113.54578,Macau,Macau,,Cantonese,$$,https://guide.michelin.com/mo/en/macau-region/macau/restaurant/wing-lei,1
189,189,King,2019,22.190178,113.54028,Macau,Macau,,Cantonese,$,https://guide.michelin.com/mo/en/macau-region/macau/restaurant/king380226,1
190,190,Ying,2019,22.161234,113.555405,Macau,Macau,,Cantonese,$$,https://guide.michelin.com/mo/en/macau-region/macau/restaurant/ying,1
191,191,Shinji by Kanesaka,2019,22.149635,113.56397,Macau,Macau,,Sushi,$$$$,https://guide.michelin.com/mo/en/macau-region/macau/restaurant/shinji-by-kanesaka,1
192,192,The Golden Peacock,2019,22.148178,113.56335,Macau,Macau,,Indian,$,https://guide.michelin.com/mo/en/macau-region/macau/restaurant/the-golden-peacock,1
193,193,Zi Yat Heen,2019,22.145418,113.56152,Macau,Macau,,Cantonese,$$,https://guide.michelin.com/mo/en/macau-region/macau/restaurant/zi-yat-heen,1
194,194,8 1/2 Otto e Mezzo - Bombana,2019,22.14918,113.55393,Macau,Macau,,Italian,$$$,https://guide.michelin.com/mo/en/macau-region/macau/restaurant/8-1-2-otto-e-mezzo-bombana,1
195,195,Pearl Dragon,2019,22.140524,113.56256,Macau,Macau,,Cantonese,$$$,https://guide.michelin.com/mo/en/macau-region/macau/restaurant/pearl-dragon,1
196,196,Lai Heen,2019,22.148754,113.551926,Macau,Macau,,Cantonese,$$,https://guide.michelin.com/mo/en/macau-region/macau/restaurant/lai-heen,1
197,197,FAGN,2019,63.43392,10.39628,Trondheim,Norway,7010,Modern cuisine,$$$$,https://guide.michelin.com/no/en/trondelag/trondheim/restaurant/fagn,1
198,198,Credo,2019,63.43391,10.39631,Trondheim,Norway,7066,Creative,$$$$,https://guide.michelin.com/no/en/trondelag/trondheim/restaurant/credo,1
199,199,RE-NAA,2019,58.972088,5.732877,Stavanger,Norway,4006,Creative,$$$$,https://guide.michelin.com/no/en/rogaland/stavanger/restaurant/re-naa,1
200,200,Sabi Omakase,2019,58.969936,5.7433133,Stavanger,Norway,4013,Sushi,$$$$,https://guide.michelin.com/no/en/rogaland/stavanger/restaurant/sabi-omakase,1
201,201,Galt,2019,59.91661,10.71369,Oslo,Norway,0263,Modern cuisine,$$$,https://guide.michelin.com/no/en/oslo-region/oslo/restaurant/galt,1
202,202,Kontrast,2019,59.92355,10.75106,Oslo,Norway,0178,Scandinavian,$$$,https://guide.michelin.com/no/en/oslo-region/oslo/restaurant/kontrast,1
203,203,Statholdergaarden,2019,59.90937,10.74305,Oslo,Norway,0151,Classic cuisine,$$$$,https://guide.michelin.com/no/en/oslo-region/oslo/restaurant/statholdergaarden,1
204,204,Del Posto,2019,40.74327,-74.0077,New York,New York City,10011,Italian,$$$$,https://guide.michelin.com/us/en/new-york-state/new-york/restaurant/del-posto,1
205,205,Le Grill de Joël Robuchon,2019,40.742897,-74.0077,New York,New York City,,French,$$$$,https://guide.michelin.com/us/en/new-york-state/new-york/restaurant/le-grill-de-joel-robuchon,1
206,206,L'Appart,2019,40.711903,-74.01544,New York,New York City,10281,French,$$$$,https://guide.michelin.com/us/en/new-york-state/new-york/restaurant/l-appart,1
207,207,Okuda,2019,40.743793,-74.00633,New York,New York City,,Japanese,$$$$,https://guide.michelin.com/us/en/new-york-state/new-york/restaurant/okuda,1
208,208,Wallsé,2019,40.73538,-74.00814,New York,New York City,10014,Austrian,$$$$,https://guide.michelin.com/us/en/new-york-state/new-york/restaurant/wallse,1
209,209,Jeju Noodle Bar,2019,40.732952,-74.00744,New York,New York City,10014,Korean,$$,https://guide.michelin.com/us/en/new-york-state/new-york/restaurant/jeju-noodle-bar,1
210,210,Sushi Nakazawa,2019,40.731716,-74.00451,New York,New York City,10014,Japanese,$$$$,https://guide.michelin.com/us/en/new-york-state/new-york/restaurant/sushi-nakazawa,1
211,211,Kosaka,2019,40.738316,-74.00137,New York,New York City,10011,Japanese,$$$$,https://guide.michelin.com/us/en/new-york-state/new-york/restaurant/kosaka,1
212,212,Bâtard,2019,40.719616,-74.00589,New York,New York City,10013,Contemporary,$$$$,https://guide.michelin.com/us/en/new-york-state/new-york/restaurant/batard,1
213,213,Hirohisa,2019,40.72452,-74.003006,New York,New York City,10012,Japanese,$$$,https://guide.michelin.com/us/en/new-york-state/new-york/restaurant/hirohisa,1
214,214,Blue Hill,2019,40.7321,-73.9996,New York,New York City,10011,American,$$$$,https://guide.michelin.com/us/en/new-york-state/new-york/restaurant/blue-hill,1
215,215,ZZ's Clam Bar,2019,40.727646,-74.00046,New York,New York City,10012,Seafood,$$$$,https://guide.michelin.com/us/en/new-york-state/new-york/restaurant/zz-s-clam-bar,1
216,216,Babbo,2019,40.73233,-73.99916,New York,New York City,10011,Italian,$$$$,https://guide.michelin.com/us/en/new-york-state/new-york/restaurant/babbo,1
217,217,Carbone,2019,40.727966,-74.00017,New York,New York City,10003,Italian,$$$$,https://guide.michelin.com/us/en/new-york-state/new-york/restaurant/carbone,1
218,218,Le Coucou,2019,40.719162,-74.00001,New York,New York City,10013,French,$$$,https://guide.michelin.com/us/en/new-york-state/new-york/restaurant/le-coucou,1
219,219,Aldea,2019,40.73885,-73.99366,New York,New York City,10011,Mediterranean,$$$$,https://guide.michelin.com/us/en/new-york-state/new-york/restaurant/aldea,1
220,220,Cote,2019,40.73778,-73.99375,New York,New York City,10010,Korean,$$$,https://guide.michelin.com/us/en/new-york-state/new-york/restaurant/cote,1
221,221,Bouley at Home,2019,40.74114,-73.99242,New York,New York City,,Contemporary,$$$,https://guide.michelin.com/us/en/new-york-state/new-york/restaurant/bouley-at-home,1
222,222,Gotham Bar and Grill,2019,40.73417,-73.99379,New York,New York City,10003,American,$$$$,https://guide.michelin.com/us/en/new-york-state/new-york/restaurant/gotham-bar-and-grill,1
223,223,Nix,2019,40.733166,-73.993515,New York,New York City,10003,Vegetarian,$$$,https://guide.michelin.com/us/en/new-york-state/new-york/restaurant/nix,1
224,224,Junoon,2019,40.74325,-73.99077,New York,New York City,10010,Indian,$$$$,https://guide.michelin.com/us/en/new-york-state/new-york/restaurant/junoon,1
225,225,NoMad,2019,40.74497,-73.98883,New York,New York City,10001,Contemporary,$$$$,https://guide.michelin.com/us/en/new-york-state/new-york/restaurant/nomad,1
226,226,The Musket Room,2019,40.723915,-73.99375,New York,New York City,10012,Contemporary,$$$,https://guide.michelin.com/us/en/new-york-state/new-york/restaurant/the-musket-room,1
227,227,Uncle Boons,2019,40.721203,-73.99441,New York,New York City,10012,Thai,$$,https://guide.michelin.com/us/en/new-york-state/new-york/restaurant/uncle-boons,1
228,228,Noda,2019,40.74497,-73.988075,New York,New York City,,Japanese,$$$$,https://guide.michelin.com/us/en/new-york-state/new-york/restaurant/noda,1
229,229,Gramercy Tavern,2019,40.73849,-73.98868,New York,New York City,10003,Contemporary,$$$$,https://guide.michelin.com/us/en/new-york-state/new-york/restaurant/gramercy-tavern,1
230,230,The Clocktower,2019,40.7414,-73.987595,New York,New York City,10010,Contemporary,$$$,https://guide.michelin.com/us/en/new-york-state/new-york/restaurant/the-clocktower,1
231,231,Ai Fiori,2019,40.75013,-73.98357,New York,New York City,10018,Italian,$$$$,https://guide.michelin.com/us/en/new-york-state/new-york/restaurant/ai-fiori,1
232,232,Casa Mono,2019,40.73595,-73.98706,New York,New York City,10003,Spanish,$$$,https://guide.michelin.com/us/en/new-york-state/new-york/restaurant/casa-mono,1
233,233,Jewel Bako,2019,40.72713,-73.98928,New York,New York City,10003,Japanese,$$$,https://guide.michelin.com/us/en/new-york-state/new-york/restaurant/jewel-bako,1
234,234,The River Café,2019,40.703613,-73.994774,New York,New York City,11201,Contemporary,$$$$,https://guide.michelin.com/us/en/new-york-state/new-york/restaurant/the-river-cafe,1
235,235,Bar Uchū,2019,40.72191,-73.99003,New York,New York City,10002,Japanese,$$$$,https://guide.michelin.com/us/en/new-york-state/new-york/restaurant/bar-uchu,1
236,236,Café China,2019,40.749973,-73.98228,New York,New York City,10016,Chinese,$$,https://guide.michelin.com/us/en/new-york-state/new-york/restaurant/cafe-china,1
237,237,Kanoyama,2019,40.73071,-73.98655,New York,New York City,10003,Japanese,$$$,https://guide.michelin.com/us/en/new-york-state/new-york/restaurant/kanoyama,1
238,238,Contra,2019,40.719917,-73.98922,New York,New York City,10002,Contemporary,$$$$,https://guide.michelin.com/us/en/new-york-state/new-york/restaurant/contra,1
239,239,Atomix,2019,40.744408,-73.98292,New York,New York City,,Korean,$$$$,https://guide.michelin.com/us/en/new-york-state/new-york/restaurant/atomix,1
240,240,Kyo Ya,2019,40.7266,-73.98526,New York,New York City,10009,Japanese,$$$,https://guide.michelin.com/us/en/new-york-state/new-york/restaurant/kyo-ya,1
241,241,Kajitsu,2019,40.72776,-73.98428,New York,New York City,10016,Japanese,$$$,https://guide.michelin.com/us/en/new-york-state/new-york/restaurant/kajitsu,1
242,242,Agern,2019,40.75234,-73.9775,New York,New York City,10017,Scandinavian,$$$$,https://guide.michelin.com/us/en/new-york-state/new-york/restaurant/agern,1
243,243,Caviar Russe,2019,40.760685,-73.97355,New York,New York City,10022,Contemporary,$$$$,https://guide.michelin.com/us/en/new-york-state/new-york/restaurant/caviar-russe,1
244,244,Tuome,2019,40.724194,-73.9828,New York,New York City,10009,Fusion,$$,https://guide.michelin.com/us/en/new-york-state/new-york/restaurant/tuome,1
245,245,Tempura Matsui,2019,40.74839,-73.97474,New York,New York City,10158,Japanese,$$$$,https://guide.michelin.com/us/en/new-york-state/new-york/restaurant/tempura-matsui,1
246,246,Sushi Yasuda,2019,40.75108,-73.97364,New York,New York City,10017,Japanese,$$$$,https://guide.michelin.com/us/en/new-york-state/new-york/restaurant/sushi-yasuda,1
247,247,Sushi Amane,2019,40.75133,-73.971725,New York,New York City,10017,Japanese,$$$$,https://guide.michelin.com/us/en/new-york-state/new-york/restaurant/sushi-amane,1
248,248,Café Boulud,2019,40.77439,-73.96414,New York,New York City,10021,French,$$$$,https://guide.michelin.com/us/en/new-york-state/new-york/restaurant/cafe-boulud,1
249,249,Claro,2019,40.677395,-73.98615,New York,New York City,,Mexican,$$,https://guide.michelin.com/us/en/new-york-state/new-york/restaurant/claro,1
250,250,Satsuki,2019,40.801243,-73.95187,New York,New York City,10036,Japanese,$$$$,https://guide.michelin.com/us/en/new-york-state/new-york/restaurant/satsuki,1
251,251,Sushi Noz,2019,40.77384,-73.958275,New York,New York City,,Japanese,$$$$,https://guide.michelin.com/us/en/new-york-state/new-york/restaurant/sushi-noz,1
252,252,Sushi Inoue,2019,40.810448,-73.943726,New York,New York City,10027,Japanese,$$$$,https://guide.michelin.com/us/en/new-york-state/new-york/restaurant/sushi-inoue,1
253,253,Meadowsweet,2019,40.710354,-73.96317,New York,New York City,11212,Mediterranean,$$$,https://guide.michelin.com/us/en/new-york-state/new-york/restaurant/meadowsweet,1
254,254,Casa Enríque,2019,40.743492,-73.95425,New York,New York City,11101,Mexican,$$,https://guide.michelin.com/us/en/new-york-state/new-york/restaurant/casa-enrique,1
255,255,Peter Luger,2019,40.70986,-73.96263,New York,New York City,11211,Steakhouse,$$$$,https://guide.michelin.com/us/en/new-york-state/new-york/restaurant/peter-luger,1
256,256,Oxomoco,2019,40.730057,-73.95538,New York,New York City,11222,Mexican,$$$,https://guide.michelin.com/us/en/new-york-state/new-york/restaurant/oxomoco,1
257,257,The Finch,2019,40.68704,-73.96297,New York,New York City,11238,American,$$$,https://guide.michelin.com/us/en/new-york-state/new-york/restaurant/the-finch,1
258,258,Faro,2019,40.707584,-73.923035,New York,New York City,11237,American,$$,https://guide.michelin.com/us/en/new-york-state/new-york/restaurant/faro,1
259,259,Senses,2019,52.244583,21.005886,Warszawa,Poland,00 085,Modern cuisine,$$$$$,https://guide.michelin.com/pl/en/masovia/warszawa/restaurant/senses,1
260,260,atelier Amaro,2019,52.21708,21.03768,Warszawa,Poland,00 507,Modern cuisine,$$$$,https://guide.michelin.com/pl/en/masovia/warszawa/restaurant/atelier-amaro,1
261,274,Olympe,2019,-22.96109,-43.20658,Rio de Janeiro - 22470,Rio de Janeiro,230,French,$$$$$,https://guide.michelin.com/br/en/rio-de-janeiro-region/rio-de-janeiro/restaurant/olympe,1
262,275,Lasai,2019,-22.95401,-43.19557,Rio de Janeiro - 22271,Rio de Janeiro,020,modern,$$$$$,https://guide.michelin.com/br/en/rio-de-janeiro-region/rio-de-janeiro/restaurant/lasai,1
263,276,Oteque,2019,-22.95747,-43.194424,Rio de Janeiro - 22271,Rio de Janeiro,020,modern,$$$$$,https://guide.michelin.com/br/en/rio-de-janeiro-region/rio-de-janeiro/restaurant/oteque,1
264,277,Mee,2019,-22.96764,-43.17925,Rio de Janeiro - 22021,Rio de Janeiro,001,Asian influences,$$$$$,https://guide.michelin.com/br/en/rio-de-janeiro-region/rio-de-janeiro/restaurant/mee,1
265,278,Cipriani,2019,-22.96755,-43.17901,Rio de Janeiro - 22021,Rio de Janeiro,001,Italian,$$$$$,https://guide.michelin.com/br/en/rio-de-janeiro-region/rio-de-janeiro/restaurant/cipriani,1
266,279,Jun Sakamoto,2019,-23.56318,-46.67737,São Paulo - 05413,Sao Paulo,000,Japanese,$$$$$,https://guide.michelin.com/br/en/sao-paulo-region/sao-paulo/restaurant/jun-sakamoto,1
267,280,Maní,2019,-23.56621,-46.67974,São Paulo - 05415,Sao Paulo,000,creative,$$$$$,https://guide.michelin.com/br/en/sao-paulo-region/sao-paulo/restaurant/mani,1
268,281,Evvai,2019,-23.567078,-46.679146,São Paulo - 05415,Sao Paulo,000,modern,$$$$$,https://guide.michelin.com/br/en/sao-paulo-region/sao-paulo/restaurant/evvai,1
269,282,Picchi,2019,-23.565063,-46.666767,São Paulo - 01426,Sao Paulo,001,Italian,$$$$$,https://guide.michelin.com/br/en/sao-paulo-region/sao-paulo/restaurant/picchi,1
270,283,Kosushi,2019,-23.58522,-46.6809,São Paulo - 04538,Sao Paulo,110,Japanese,$$$,https://guide.michelin.com/br/en/sao-paulo-region/sao-paulo/restaurant/kosushi,1
271,284,Ryo Gastronomia,2019,-23.58132,-46.6767,São Paulo - 04531,Sao Paulo,001,Japanese,$$$$$,https://guide.michelin.com/br/en/sao-paulo-region/sao-paulo/restaurant/ryo-gastronomia,1
272,285,Tangará Jean-Georges,2019,-23.634005,-46.72428,São Paulo - 05706,Sao Paulo,290,modern,$$$$$,https://guide.michelin.com/br/en/sao-paulo-region/sao-paulo/restaurant/tangara-jean-georges,1
273,286,Kinoshita,2019,-23.59159,-46.67146,São Paulo - 04509,Sao Paulo,001,Japanese,$$$$$,https://guide.michelin.com/br/en/sao-paulo-region/sao-paulo/restaurant/kinoshita,1
274,287,Kan Suke,2019,-23.5684,-46.64936,São Paulo - 01401,Sao Paulo,000,Japanese,$$$$$,https://guide.michelin.com/br/en/sao-paulo-region/sao-paulo/restaurant/kan-suke,1
275,288,Huto,2019,-23.60882,-46.6598,São Paulo - 04080,Sao Paulo,004,Japanese,$$$$$,https://guide.michelin.com/br/en/sao-paulo-region/sao-paulo/restaurant/huto,1
276,289,Stay,2019,37.513004,127.10257,Seoul,South Korea,,French contemporary,$$$,https://guide.michelin.com/kr/en/seoul-capital-area/kr-seoul/restaurant/stay,1
277,290,Lee Jong Kuk 104,2019,37.592903,126.997284,Seoul,South Korea,,Korean,$$$$,https://guide.michelin.com/kr/en/seoul-capital-area/kr-seoul/restaurant/lee-jong-kuk-104,1
278,291,Hansikgonggan,2019,37.577705,126.98852,Seoul,South Korea,,Korean,$$$,https://guide.michelin.com/kr/en/seoul-capital-area/kr-seoul/restaurant/hansikgonggan,1
279,292,Dining in Space,2019,37.57761,126.98845,Seoul,South Korea,,French contemporary,$$$,https://guide.michelin.com/kr/en/seoul-capital-area/kr-seoul/restaurant/dining-in-space,1
280,293,Exquisine,2019,37.521046,127.049736,Seoul,South Korea,,Innovative,$$$,https://guide.michelin.com/kr/en/seoul-capital-area/kr-seoul/restaurant/exquisine,1
281,294,Dosa,2019,37.52445,127.04441,Seoul,South Korea,,Innovative,$$$,https://guide.michelin.com/kr/en/seoul-capital-area/kr-seoul/restaurant/dosa511871,1
282,295,Joo Ok,2019,37.52252,127.04396,Seoul,South Korea,,Korean contemporary,$$$,https://guide.michelin.com/kr/en/seoul-capital-area/kr-seoul/restaurant/joo-ok,1
283,296,Balwoo Gongyang,2019,37.57389,126.98318,Seoul,South Korea,,Temple cuisine,$$,https://guide.michelin.com/kr/en/seoul-capital-area/kr-seoul/restaurant/balwoo-gongyang,1
284,297,Muoki,2019,37.518963,127.04217,Seoul,South Korea,,Innovative,$$$,https://guide.michelin.com/kr/en/seoul-capital-area/kr-seoul/restaurant/muoki,1
285,298,L'Amitié,2019,37.522675,127.032646,Seoul,South Korea,,French,$$$,https://guide.michelin.com/kr/en/seoul-capital-area/kr-seoul/restaurant/l-amitie,1
286,299,Yu Yuan,2019,37.57045,126.97534,Seoul,South Korea,,Chinese,$$$,https://guide.michelin.com/kr/en/seoul-capital-area/kr-seoul/restaurant/yu-yuan,1
287,300,Bicena,2019,37.5384,127.00135,Seoul,South Korea,,Korean,$$$,https://guide.michelin.com/kr/en/seoul-capital-area/kr-seoul/restaurant/bicena,1
288,301,Mosu,2019,37.536415,126.99934,Seoul,South Korea,,Innovative,$$$$$,https://guide.michelin.com/kr/en/seoul-capital-area/kr-seoul/restaurant/mosu,1
289,302,Poom,2019,37.54903,126.98341,Seoul,South Korea,,Korean,$$$,https://guide.michelin.com/kr/en/seoul-capital-area/kr-seoul/restaurant/poom,1
290,303,Soigné,2019,37.49816,127.002,Seoul,South Korea,,Innovative,$$$,https://guide.michelin.com/kr/en/seoul-capital-area/kr-seoul/restaurant/soigne,1
291,304,Table for Four,2019,37.49769,126.99442,Seoul,South Korea,,European contemporary,$$$,https://guide.michelin.com/kr/en/seoul-capital-area/kr-seoul/restaurant/table-for-four,1
292,305,Zero Complex,2019,37.49417,126.9948,Seoul,South Korea,,Innovative,$$$,https://guide.michelin.com/kr/en/seoul-capital-area/kr-seoul/restaurant/zero-complex,1
293,306,Jin Jin,2019,37.55777,126.91324,Seoul,South Korea,,Chinese,$,https://guide.michelin.com/kr/en/seoul-capital-area/kr-seoul/restaurant/jin-jin,1
294,307,Gotgan,2019,37.52212,126.92022,Seoul,South Korea,,Korean,$$$$,https://guide.michelin.com/kr/en/seoul-capital-area/kr-seoul/restaurant/gotgan,1
295,308,Hill Street Tai Hwa Pork Noodle,2018,1.3052,103.8624,Singapore,Singapore,,Street Food,$,https://guide.michelin.com/sg/en/singapore-region/singapore/restaurant/hill-street-tai-hwa-pork-noodle,1
296,309,Putien (Kitchener Road),2018,1.30969,103.8573,Singapore,Singapore,,Fujian,$,https://guide.michelin.com/sg/en/singapore-region/singapore/restaurant/putien-kitchener-road,1
297,310,Chef Kang's,2018,1.304735,103.84955,Singapore,Singapore,,Cantonese,$$$,https://guide.michelin.com/sg/en/singapore-region/singapore/restaurant/chef-kang-s,1
298,311,Garibaldi,2018,1.296564,103.855,Singapore,Singapore,,Italian,$,https://guide.michelin.com/sg/en/singapore-region/singapore/restaurant/garibaldi,1
299,312,Summer Pavilion,2018,1.291284,103.8603,Singapore,Singapore,,Cantonese,$$,https://guide.michelin.com/sg/en/singapore-region/singapore/restaurant/summer-pavilion,1
300,313,Shinji (Bras Basah Road),2018,1.2959028,103.8539,Singapore,Singapore,,Sushi,$$,https://guide.michelin.com/sg/en/singapore-region/singapore/restaurant/shinji-bras-basah-road,1
301,314,The Song of India,2018,1.310767,103.8353,Singapore,Singapore,,Indian,$,https://guide.michelin.com/sg/en/singapore-region/singapore/restaurant/the-song-of-india,1
302,315,Lei Garden,2018,1.295228,103.8521,Singapore,Singapore,,Cantonese,$,https://guide.michelin.com/sg/en/singapore-region/singapore/restaurant/lei-garden501509,1
303,316,Whitegrass,2018,1.295452,103.8516,Singapore,Singapore,,Australian,$$,https://guide.michelin.com/sg/en/singapore-region/singapore/restaurant/whitegrass,1
304,317,Jaan,2018,1.293184,103.8529,Singapore,Singapore,,French contemporary,$$$,https://guide.michelin.com/sg/en/singapore-region/singapore/restaurant/jaan,1
305,318,Labyrinth,2018,1.2899688,103.8562,Singapore,Singapore,,Innovative,$$,https://guide.michelin.com/sg/en/singapore-region/singapore/restaurant/labyrinth,1
306,319,Cut,2018,1.2853268,103.8607,Singapore,Singapore,,Steakhouse,$$$,https://guide.michelin.com/sg/en/singapore-region/singapore/restaurant/cut,1
307,320,Alma,2018,1.309123,103.834,Singapore,Singapore,,European contemporary,$,https://guide.michelin.com/sg/en/singapore-region/singapore/restaurant/alma,1
308,321,Béni,2018,1.302379,103.8366,Singapore,Singapore,,French contemporary,$$,https://guide.michelin.com/sg/en/singapore-region/singapore/restaurant/beni,1
309,322,Crystal Jade Golden Palace,2018,1.303244,103.8353,Singapore,Singapore,,Chinese,$,https://guide.michelin.com/sg/en/singapore-region/singapore/restaurant/crystal-jade-golden-palace,1
310,323,Imperial Treasure Fine Teochew Cuisine (Orchard),2018,1.3032448,103.8349,Singapore,Singapore,,Chinese,$,https://guide.michelin.com/sg/en/singapore-region/singapore/restaurant/imperial-treasure-fine-teochew-cuisine-orchard,1
311,324,Saint Pierre,2018,1.285781,103.8538,Singapore,Singapore,,French contemporary,$$,https://guide.michelin.com/sg/en/singapore-region/singapore/restaurant/saint-pierre,1
312,325,Sushi Ichi,2018,1.305105,103.8324,Singapore,Singapore,,Sushi,$$$,https://guide.michelin.com/sg/en/singapore-region/singapore/restaurant/sushi-ichi,1
313,326,Sushi Kimura,2018,1.3063719,103.829475,Singapore,Singapore,,Sushi,$$$$,https://guide.michelin.com/sg/en/singapore-region/singapore/restaurant/sushi-kimura,1
314,327,Iggy's,2018,1.305986,103.8294,Singapore,Singapore,,European contemporary,$$$,https://guide.michelin.com/sg/en/singapore-region/singapore/restaurant/iggy-s,1
315,328,Braci,2018,1.287212,103.84949,Singapore,Singapore,,Italian contemporary,$$,https://guide.michelin.com/sg/en/singapore-region/singapore/restaurant/braci,1
316,329,Jiang-Nan Chun,2018,1.304937,103.8288,Singapore,Singapore,,Cantonese,$$$,https://guide.michelin.com/sg/en/singapore-region/singapore/restaurant/jiang-nan-chun,1
317,330,Bacchanalia,2018,1.2874758,103.8474,Singapore,Singapore,,Innovative,$$,https://guide.michelin.com/sg/en/singapore-region/singapore/restaurant/bacchanalia,1
318,331,Shinji (Tanglin Road),2018,1.305821,103.8257,Singapore,Singapore,,Sushi,$$$$,https://guide.michelin.com/sg/en/singapore-region/singapore/restaurant/shinji-tanglin-road,1
319,332,Corner House,2018,1.315121,103.8154,Singapore,Singapore,,Innovative,$$,https://guide.michelin.com/sg/en/singapore-region/singapore/restaurant/corner-house,1
320,333,Summer Palace,2018,1.3043848,103.825,Singapore,Singapore,,Cantonese,$,https://guide.michelin.com/sg/en/singapore-region/singapore/restaurant/summer-palace501658,1
321,334,Cheek by Jowl,2018,1.281301,103.84849,Singapore,Singapore,,Australian,$,https://guide.michelin.com/sg/en/singapore-region/singapore/restaurant/cheek-by-jowl,1
322,335,Nouri,2018,1.28086,103.84713,Singapore,Singapore,,Innovative,$,https://guide.michelin.com/sg/en/singapore-region/singapore/restaurant/nouri,1
323,336,Liao Fan Hong Kong Soya Sauce Chicken Rice & Noodle,2018,1.28248,103.8439,Singapore,Singapore,,Street Food,$,https://guide.michelin.com/sg/en/singapore-region/singapore/restaurant/liao-fan-hong-kong-soya-sauce-chicken-rice-noodle,1
324,337,Burnt Ends,2018,1.280501,103.8418,Singapore,Singapore,,Barbecue,$$,https://guide.michelin.com/sg/en/singapore-region/singapore/restaurant/burnt-ends,1
325,338,Rhubarb,2018,1.279368,103.843,Singapore,Singapore,,French contemporary,$,https://guide.michelin.com/sg/en/singapore-region/singapore/restaurant/rhubarb,1
326,339,Meta,2018,1.279372,103.8415,Singapore,Singapore,,Innovative,$$,https://guide.michelin.com/sg/en/singapore-region/singapore/restaurant/meta,1
327,340,Ma Cuisine,2018,1.27826,103.842,Singapore,Singapore,,French,$,https://guide.michelin.com/sg/en/singapore-region/singapore/restaurant/ma-cuisine,1
328,341,Candlenut,2018,1.2797709,103.8402,Singapore,Singapore,,Peranakan,$,https://guide.michelin.com/sg/en/singapore-region/singapore/restaurant/candlenut,1
329,342,Bhoga,2019,57.70618,11.9624,Göteborg,Sweden,411 14,Creative,$$$,https://guide.michelin.com/se/en/vastra-gotaland/goteborg/restaurant/bhoga,1
330,343,Koka,2019,57.698406,11.965365,Göteborg,Sweden,411 25,Modern cuisine,$$$,https://guide.michelin.com/se/en/vastra-gotaland/goteborg/restaurant/koka,1
331,344,28+,2019,57.69809,11.97377,Göteborg,Sweden,411 34,Modern cuisine,$$$,https://guide.michelin.com/se/en/vastra-gotaland/goteborg/restaurant/28,1
332,345,SK Mat & Människor,2019,57.69688,11.98338,Göteborg,Sweden,412 55,Modern cuisine,$$$,https://guide.michelin.com/se/en/vastra-gotaland/goteborg/restaurant/sk-mat-manniskor,1
333,346,Thörnströms Kök,2019,57.69437,11.977609,Göteborg,Sweden,411 32,Classic cuisine,$$$,https://guide.michelin.com/se/en/vastra-gotaland/goteborg/restaurant/thornstroms-kok,1
334,347,Upper House,2019,57.69745,11.99021,Göteborg,Sweden,402 26,Creative,$$$$,https://guide.michelin.com/se/en/vastra-gotaland/goteborg/restaurant/upper-house,1
335,348,Agrikultur,2019,59.34777,18.05863,Stockholm,Sweden,113 54,Modern cuisine,$$$$,https://guide.michelin.com/se/en/stockholm-region/stockholm/restaurant/agrikultur,1
336,349,Sushi Sho,2019,59.341286,18.049892,Stockholm,Sweden,113 28,Japanese,$$$,https://guide.michelin.com/se/en/stockholm-region/stockholm/restaurant/sushi-sho,1
337,350,Volt,2019,59.33867,18.079683,Stockholm,Sweden,114 48,Creative,$$$,https://guide.michelin.com/se/en/stockholm-region/stockholm/restaurant/volt,1
338,351,Ekstedt,2019,59.33674,18.07521,Stockholm,Sweden,11446,Meats and grills,$$$,https://guide.michelin.com/se/en/stockholm-region/stockholm/restaurant/ekstedt,1
339,352,Operakällaren,2019,59.329876,18.071363,Stockholm,Sweden,111 86,Classic cuisine,$$$$,https://guide.michelin.com/se/en/stockholm-region/stockholm/restaurant/operakallaren,1
340,353,Mathias Dahlgren-Matbaren,2019,59.32935,18.07543,Stockholm,Sweden,103 27,Modern cuisine,$$,https://guide.michelin.com/se/en/stockholm-region/stockholm/restaurant/mathias-dahlgren-matbaren,1
341,354,Aloë,2019,59.2842,17.985748,Stockholm,Sweden,125 33,Creative,$$$$,https://guide.michelin.com/se/en/stockholm-region/stockholm/restaurant/aloe,1
342,355,PM & Vänner,2019,56.87892,14.80387,Växjö,Sweden,352 31,Creative,$$$,https://guide.michelin.com/se/en/kronoberg/vaxjo/restaurant/pm-vanner,1
343,356,Bloom in the Park,2019,55.59064,12.99794,Malmö,Sweden,214 66,Creative,$$,https://guide.michelin.com/se/en/skane/malmo/restaurant/bloom-in-the-park,1
344,357,SAV,2019,55.53376,13.00537,Malmö,Sweden,21875,Creative,$$$,https://guide.michelin.com/se/en/skane/malmo/restaurant/sav,1
345,358,Golden Formosa,2019,25.118216,121.53623,Taipei,Taipei,110,Taiwanese,$$,https://guide.michelin.com/tw/en/taipei-region/taipei/restaurant/golden-formosa,1
346,359,Danny's Steakhouse,2019,25.082657,121.552765,Taipei,Taipei,110,Steakhouse,$$,https://guide.michelin.com/tw/en/taipei-region/taipei/restaurant/danny-s-steakhouse,1
347,360,L'Atelier de Joël Robuchon,2019,25.039188,121.56771,Taipei,Taipei,110,French contemporary,$$$,https://guide.michelin.com/tw/en/taipei-region/taipei/restaurant/l-atelier-de-joel-robuchon550759,1
348,361,Kitcho,2019,25.04429,121.55076,Taipei,Taipei,110,Sushi,$$$$,https://guide.michelin.com/tw/en/taipei-region/taipei/restaurant/kitcho,1
349,362,Tien Hsiang Lo,2019,25.062696,121.529976,Taipei,Taipei,110,Hang Zhou,$$,https://guide.michelin.com/tw/en/taipei-region/taipei/restaurant/tien-hsiang-lo,1
350,363,Ya Ge,2019,25.06625,121.52533,Taipei,Taipei,110,Cantonese,$$,https://guide.michelin.com/tw/en/taipei-region/taipei/restaurant/ya-ge,1
351,364,Da-Wan,2019,25.043018,121.55019,Taipei,Taipei,110,Barbecue,$$$,https://guide.michelin.com/tw/en/taipei-region/taipei/restaurant/da-wan,1
352,365,Sushi Nomura,2019,25.03618,121.55465,Taipei,Taipei,110,Sushi,$$$,https://guide.michelin.com/tw/en/taipei-region/taipei/restaurant/sushi-nomura,1
353,366,logy,2019,25.03561,121.55323,Taipei,Taipei,110,Asian contemporary,$$$$,https://guide.michelin.com/tw/en/taipei-region/taipei/restaurant/logy,1
354,367,Ming Fu,2019,25.06171,121.52399,Taipei,Taipei,110,Taiwanese,$$$,https://guide.michelin.com/tw/en/taipei-region/taipei/restaurant/ming-fu,1
355,368,Ken An Ho,2019,25.034622,121.55281,Taipei,Taipei,110,Japanese,$$$$,https://guide.michelin.com/tw/en/taipei-region/taipei/restaurant/ken-an-ho,1
356,369,Sushi Ryu,2019,25.055832,121.52724,Taipei,Taipei,110,Sushi,$$$$,https://guide.michelin.com/tw/en/taipei-region/taipei/restaurant/sushi-ryu,1
357,370,MUME,2019,25.036266,121.54809,Taipei,Taipei,110,European contemporary,$$$,https://guide.michelin.com/tw/en/taipei-region/taipei/restaurant/mume,1
358,371,Impromptu by Paul Lee,2019,25.05429,121.524254,Taipei,Taipei,110,Innovative,$$$,https://guide.michelin.com/tw/en/taipei-region/taipei/restaurant/impromptu-by-paul-lee,1
359,372,Longtail,2019,25.023922,121.54841,Taipei,Taipei,110,Innovative,$$,https://guide.michelin.com/tw/en/taipei-region/taipei/restaurant/longtail,1
360,373,Mountain and Sea House,2019,25.038046,121.531395,Taipei,Taipei,110,Taiwanese,$$,https://guide.michelin.com/tw/en/taipei-region/taipei/restaurant/mountain-and-sea-house,1
361,374,Da San Yuan,2019,25.042248,121.512215,Taipei,Taipei,110,Cantonese,$,https://guide.michelin.com/tw/en/taipei-region/taipei/restaurant/da-san-yuan,1
362,375,Tainan Tan Tsu Mien Seafood,2019,25.03799,121.4984,Taipei,Taipei,110,Seafood,$$,https://guide.michelin.com/tw/en/taipei-region/taipei/restaurant/tainan-tan-tsu-mien-seafood,1
363,376,Suan Thip,2019,13.926962,100.502144,Bangkok,Thailand,,Thai,$,https://guide.michelin.com/th/en/bangkok-region/bangkok/restaurant/suan-thip,1
364,377,Upstairs at Mikkeller,2019,13.727946,100.58844,Bangkok,Thailand,,Innovative,$$$$$,https://guide.michelin.com/th/en/bangkok-region/bangkok/restaurant/upstairs-at-mikkeller,1
365,378,Chim by Siam Wisdom,2019,13.740706,100.56789,Bangkok,Thailand,,Thai,$$$,https://guide.michelin.com/th/en/bangkok-region/bangkok/restaurant/chim-by-siam-wisdom,1
366,379,R-Haan,2019,13.731805,100.57972,Bangkok,Thailand,,Thai,$$$$,https://guide.michelin.com/th/en/bangkok-region/bangkok/restaurant/r-haan,1
367,380,Canvas,2019,13.728886,100.580826,Bangkok,Thailand,,Innovative,$$$$,https://guide.michelin.com/th/en/bangkok-region/bangkok/restaurant/canvas566292,1
368,381,Bo.lan,2019,13.726389,100.57799,Bangkok,Thailand,,Thai,$$$$$,https://guide.michelin.com/th/en/bangkok-region/bangkok/restaurant/bo-lan,1
369,382,Sra Bua by Kiin Kiin,2019,13.754137,100.53451,Bangkok,Thailand,,Thai Contemporary,$$$,https://guide.michelin.com/th/en/bangkok-region/bangkok/restaurant/sra-bua-by-kiin-kiin,1
370,383,Elements,2019,13.742978,100.54798,Bangkok,Thailand,,French contemporary,$$$$,https://guide.michelin.com/th/en/bangkok-region/bangkok/restaurant/elements,1
371,384,Paste,2019,13.744594,100.540565,Bangkok,Thailand,,Thai,$$$,https://guide.michelin.com/th/en/bangkok-region/bangkok/restaurant/paste,1
372,385,Ginza Sushi ichi,2019,13.744069,100.54092,Bangkok,Thailand,,Sushi,$$$$,https://guide.michelin.com/th/en/bangkok-region/bangkok/restaurant/ginza-sushi-ichi,1
373,386,Sorn,2019,13.723242,100.56848,Bangkok,Thailand,,Southern Thai,$$$$$,https://guide.michelin.com/th/en/bangkok-region/bangkok/restaurant/sorn,1
374,387,Savelberg,2019,13.738216,100.54642,Bangkok,Thailand,,French contemporary,$$$,https://guide.michelin.com/th/en/bangkok-region/bangkok/restaurant/savelberg,1
375,388,Saneh Jaan,2019,13.735739,100.54605,Bangkok,Thailand,,Thai,$$,https://guide.michelin.com/th/en/bangkok-region/bangkok/restaurant/saneh-jaan,1
376,389,Gaa,2019,13.737806,100.54275,Bangkok,Thailand,,Innovative,$$$$,https://guide.michelin.com/th/en/bangkok-region/bangkok/restaurant/gaa,1
377,390,Methavalai Sorndaeng,2019,13.756321,100.502045,Bangkok,Thailand,,Thai,$$,https://guide.michelin.com/th/en/bangkok-region/bangkok/restaurant/methavalai-sorndaeng,1
378,391,Jay Fai,2019,13.752614,100.50466,Bangkok,Thailand,,Street Food,$$,https://guide.michelin.com/th/en/bangkok-region/bangkok/restaurant/jay-fai,1
379,392,Nahm,2019,13.724357,100.53926,Bangkok,Thailand,,Thai,$$$,https://guide.michelin.com/th/en/bangkok-region/bangkok/restaurant/nahm,1
380,393,J'AIME by Jean-Michel Lorain,2019,13.718885,100.546326,Bangkok,Thailand,,French contemporary,$$$,https://guide.michelin.com/th/en/bangkok-region/bangkok/restaurant/j-aime-by-jean-michel-lorain,1
381,394,Saawaan,2019,13.721809,100.53741,Bangkok,Thailand,,Thai Contemporary,$$$$,https://guide.michelin.com/th/en/bangkok-region/bangkok/restaurant/saawaan,1
382,395,Le Du,2019,13.725005,100.52939,Bangkok,Thailand,,Thai,$$$$,https://guide.michelin.com/th/en/bangkok-region/bangkok/restaurant/le-du,1
383,396,Ruean Panya,2019,13.558403,100.28264,Bangkok,Thailand,,Thai,$$,https://guide.michelin.com/th/en/bangkok-region/bangkok/restaurant/ruean-panya,1
384,397,PRU,2019,8.034298,98.2764,Phuket,Thailand,,Innovative,$$$$$,https://guide.michelin.com/th/en/phuket-region/phuket/restaurant/pru,1
385,398,Blue Duck Tavern,2019,38.905373,-77.05128,"Washington, D.C.",Washington DC,20037,American,$$$,https://guide.michelin.com/us/en/washington/washington-dc/restaurant/blue-duck-tavern,1
386,399,Tail Up Goat,2019,38.9235,-77.043274,"Washington, D.C.",Washington DC,20009,Contemporary,$$,https://guide.michelin.com/us/en/washington/washington-dc/restaurant/tail-up-goat,1
387,400,Komi,2019,38.910107,-77.03836,"Washington, D.C.",Washington DC,20036,Mediterranean,$$$$,https://guide.michelin.com/us/en/washington/washington-dc/restaurant/komi,1
388,401,Sushi Taro,2019,38.909992,-77.03834,"Washington, D.C.",Washington DC,20036,Japanese,$$$$,https://guide.michelin.com/us/en/washington/washington-dc/restaurant/sushi-taro,1
389,402,Plume,2019,38.906,-77.03671,"Washington, D.C.",Washington DC,20036,European,$$$$,https://guide.michelin.com/us/en/washington/washington-dc/restaurant/plume,1
390,403,Siren by RW,2019,38.907776,-77.035446,"Washington, D.C.",Washington DC,20005,Seafood,$$$,https://guide.michelin.com/us/en/washington/washington-dc/restaurant/siren-by-rw,1
391,404,Bresca,2019,38.91584,-77.0321,"Washington, D.C.",Washington DC,20000,Contemporary,$$,https://guide.michelin.com/us/en/washington/washington-dc/restaurant/bresca,1
392,405,The Dabney,2019,38.906292,-77.024666,"Washington, D.C.",Washington DC,20001,American,$$,https://guide.michelin.com/us/en/washington/washington-dc/restaurant/the-dabney,1
393,406,Métier,2019,38.903503,-77.0218,"Washington, D.C.",Washington DC,20001,Contemporary,$$$$,https://guide.michelin.com/us/en/washington/washington-dc/restaurant/metier,1
394,407,Kinship,2019,38.903282,-77.0218,"Washington, D.C.",Washington DC,20001,Contemporary,$$$,https://guide.michelin.com/us/en/washington/washington-dc/restaurant/kinship,1
395,408,Fiola,2019,38.89416,-77.02032,"Washington, D.C.",Washington DC,20004,Italian,$$$$,https://guide.michelin.com/us/en/washington/washington-dc/restaurant/fiola,1
396,409,Masseria,2019,38.909504,-76.99908,"Washington, D.C.",Washington DC,20002,Italian,$$$,https://guide.michelin.com/us/en/washington/washington-dc/restaurant/masseria,1
397,410,Rose's Luxury,2019,38.88064,-76.99515,"Washington, D.C.",Washington DC,20003,Contemporary,$$,https://guide.michelin.com/us/en/washington/washington-dc/restaurant/rose-s-luxury,1
398,0,SENNS.Restaurant,2019,47.83636,13.06389,Salzburg,Austria,5020,Creative,$$$$$,https://guide.michelin.com/at/en/salzburg-region/salzburg/restaurant/senns-restaurant,2
399,1,Ikarus,2019,47.79536,13.00695,Salzburg,Austria,5020,Creative,$$$$$,https://guide.michelin.com/at/en/salzburg-region/salzburg/restaurant/ikarus,2
400,2,Mraz & Sohn,2019,48.23129,16.37637,Wien,Austria,1200,Creative,$$$$$,https://guide.michelin.com/at/en/vienna/wien/restaurant/mraz-sohn,2
401,3,Konstantin Filippou,2019,48.21056,16.37996,Wien,Austria,1010,Modern cuisine,$$$$$,https://guide.michelin.com/at/en/vienna/wien/restaurant/konstantin-filippou,2
402,4,Silvio Nickol Gourmet Restaurant,2019,48.20558,16.37693,Wien,Austria,1010,Modern cuisine,$$$$$,https://guide.michelin.com/at/en/vienna/wien/restaurant/silvio-nickol-gourmet-restaurant,2
403,5,Steirereck im Stadtpark,2019,48.20229,16.3805,Wien,Austria,1030,Creative,$$$$$,https://guide.michelin.com/at/en/vienna/wien/restaurant/steirereck-im-stadtpark,2
404,6,Baumé,2019,37.4285,-122.14272,South San Francisco,California,94306,Contemporary,$$$$,https://guide.michelin.com/us/en/california/south-san-francisco/restaurant/baume,2
405,7,Commis,2019,37.82476,-122.25505,San Francisco,California,94601,Contemporary,$$$$,https://guide.michelin.com/us/en/california/san-francisco/restaurant/commis,2
406,8,Californios,2019,37.75555,-122.417145,San Francisco,California,94110,Mexican,$$$$,https://guide.michelin.com/us/en/california/san-francisco/restaurant/californios,2
407,9,Lazy Bear,2019,37.760204,-122.41969,San Francisco,California,94110,Contemporary,$$$$,https://guide.michelin.com/us/en/california/san-francisco/restaurant/lazy-bear,2
408,10,Saison,2019,37.76327,-122.41543,San Francisco,California,94107,Californian,$$$$,https://guide.michelin.com/us/en/california/san-francisco/restaurant/saison,2
409,11,Campton Place,2019,37.78923,-122.40665,San Francisco,California,94108,Indian,$$$$,https://guide.michelin.com/us/en/california/san-francisco/restaurant/campton-place,2
410,12,Coi,2019,37.79812,-122.40331,San Francisco,California,94133,Contemporary,$$$$,https://guide.michelin.com/us/en/california/san-francisco/restaurant/coi,2
411,13,Acquerello,2019,37.79167,-122.42131,San Francisco,California,94109,Italian,$$$$,https://guide.michelin.com/us/en/california/san-francisco/restaurant/acquerello,2
412,14,Urasawa,2019,34.067352,-118.40067,Los Angeles,California,90210,Japanese,$$$$,https://guide.michelin.com/us/en/california/us-los-angeles/restaurant/urasawa,2
413,15,Sushi Ginza Onodera,2019,34.08238,-118.37654,Los Angeles,California,,Japanese,$$$$,https://guide.michelin.com/us/en/california/us-los-angeles/restaurant/sushi-ginza-onodera559850,2
414,16,Somni,2019,34.070095,-118.37649,Los Angeles,California,90048,Contemporary,$$$$,https://guide.michelin.com/us/en/california/us-los-angeles/restaurant/somni,2
415,17,Providence,2019,34.083523,-118.33019,Los Angeles,California,90028,Seafood,$$$$,https://guide.michelin.com/us/en/california/us-los-angeles/restaurant/providence,2
416,18,n/naka,2019,34.02526,-118.41206,Los Angeles,California,90034,Contemporary,$$$$,https://guide.michelin.com/us/en/california/us-los-angeles/restaurant/n-naka,2
417,19,Vespertine,2019,34.024204,-118.38166,Los Angeles,California,90232,Contemporary,$$$$,https://guide.michelin.com/us/en/california/us-los-angeles/restaurant/vespertine,2
418,20,Smyth,2019,41.885,-87.660736,Chicago,Chicago,60607,Contemporary,$$$$,https://guide.michelin.com/us/en/illinois/chicago/restaurant/smyth,2
419,21,Oriole,2019,41.886196,-87.64513,Chicago,Chicago,60661,Contemporary,$$$$,https://guide.michelin.com/us/en/illinois/chicago/restaurant/oriole,2
420,22,Acadia,2019,41.85904,-87.62562,Chicago,Chicago,60616,Contemporary,$$$$,https://guide.michelin.com/us/en/illinois/chicago/restaurant/acadia,2
421,23,KOKS,2019,62.13667,-7.022025,Leynar,Denmark,335,Creative,$$$$,https://guide.michelin.com/dk/en/faroe-islands/leynar/restaurant/koks558780,2
422,24,Henne Kirkeby Kro,2019,55.72682,8.242021,Henne,Denmark,6854,Classic cuisine,$$$,https://guide.michelin.com/dk/en/southern-denmark/henne/restaurant/henne-kirkeby-kro,2
423,25,a‚o‚c,2019,55.68305,12.58921,København,Denmark,1302 K,Modern cuisine,$$$$,https://guide.michelin.com/dk/en/capital-region/kobenhavn/restaurant/a%E2%80%9Ao%E2%80%9Ac,2
424,26,noma,2019,55.68332,12.61006,København,Denmark,1432 K,Creative,$$$$,https://guide.michelin.com/dk/en/capital-region/kobenhavn/restaurant/noma,2
425,27,Kadeau Copenhagen,2019,55.67219,12.58848,København,Denmark,1408 K,Modern cuisine,$$$$,https://guide.michelin.com/dk/en/capital-region/kobenhavn/restaurant/kadeau-copenhagen,2
426,28,Spondi,2019,37.96525,23.742971,Athína,Greece,116 36,French,$$$$$,https://guide.michelin.com/gr/en/attica/athina/restaurant/spondi,2
427,29,Sun Tung Lok,2019,22.30099,114.17221,Hong Kong,Hong Kong,,Cantonese,$$,https://guide.michelin.com/hk/en/hong-kong-region/hong-kong/restaurant/sun-tung-lok,2
428,30,Yan Toh Heen,2019,22.293337,114.17395,Hong Kong,Hong Kong,,Cantonese,$$$,https://guide.michelin.com/hk/en/hong-kong-region/hong-kong/restaurant/yan-toh-heen,2
429,31,Tin Lung Heen,2019,22.30357,114.16007,Hong Kong,Hong Kong,,Cantonese,$$$,https://guide.michelin.com/hk/en/hong-kong-region/hong-kong/restaurant/tin-lung-heen,2
430,32,Tenku RyuGin,2019,22.30331,114.16021,Hong Kong,Hong Kong,,Japanese,$$$$$,https://guide.michelin.com/hk/en/hong-kong-region/hong-kong/restaurant/tenku-ryugin,2
431,33,Forum,2019,22.281616,114.1824,Hong Kong,Hong Kong,,Cantonese,$$,https://guide.michelin.com/hk/en/hong-kong-region/hong-kong/restaurant/forum,2
432,34,Sushi Saito,2019,22.286467,114.15677,Hong Kong,Hong Kong,,Sushi,$$$$$,https://guide.michelin.com/hk/en/hong-kong-region/hong-kong/restaurant/sushi-saito,2
433,35,Pierre,2019,22.282127,114.15948,Hong Kong,Hong Kong,,French contemporary,$$$$,https://guide.michelin.com/hk/en/hong-kong-region/hong-kong/restaurant/pierre,2
434,36,Ying Jee Club,2019,22.284338,114.156654,Hong Kong,Hong Kong,,Cantonese,$$,https://guide.michelin.com/hk/en/hong-kong-region/hong-kong/restaurant/ying-jee-club,2
435,37,Écriture,2019,22.28315,114.1554,Hong Kong,Hong Kong,,French contemporary,$$$,https://guide.michelin.com/hk/en/hong-kong-region/hong-kong/restaurant/ecriture,2
436,38,Ta Vie,2019,22.282766,114.15529,Hong Kong,Hong Kong,,Innovative,$$$$$,https://guide.michelin.com/hk/en/hong-kong-region/hong-kong/restaurant/ta-vie,2
437,39,Amber,2019,22.280596,114.15764,Hong Kong,Hong Kong,,French contemporary,$$$$,https://guide.michelin.com/hk/en/hong-kong-region/hong-kong/restaurant/amber569032,2
438,40,Kashiwaya,2019,22.280643,114.15674,Hong Kong,Hong Kong,,Japanese,$$$$,https://guide.michelin.com/hk/en/hong-kong-region/hong-kong/restaurant/kashiwaya,2
439,41,Onyx,2019,47.49712,19.05067,Budapest,Hungary,1051,Modern cuisine,$$$$$,https://guide.michelin.com/hu/en/central-hungary/budapest/restaurant/onyx,2
440,42,Feng Wei Ju,2019,22.18996,113.54794,Macau,Macau,,Hunanese and Sichuan,$,https://guide.michelin.com/mo/en/macau-region/macau/restaurant/feng-wei-ju,2
441,43,Golden Flower,2019,22.18753,113.54806,Macau,Macau,,Chinese,$$,https://guide.michelin.com/mo/en/macau-region/macau/restaurant/golden-flower,2
442,44,Mizumi (Macau),2019,22.188755,113.54488,Macau,Macau,,Japanese,$$,https://guide.michelin.com/mo/en/macau-region/macau/restaurant/mizumi-macau,2
443,45,The Tasting Room,2019,22.14958,113.56505,Macau,Macau,,French contemporary,$$$,https://guide.michelin.com/mo/en/macau-region/macau/restaurant/the-tasting-room,2
444,46,Alain Ducasse at Morpheus,2019,22.14293,113.563774,Macau,Macau,,French contemporary,$$$$$,https://guide.michelin.com/mo/en/macau-region/macau/restaurant/alain-ducasse-at-morpheus,2
445,47,L'Atelier de Joël Robuchon,2019,40.742905,-74.00769,New York,New York City,,French,$$$$,https://guide.michelin.com/us/en/new-york-state/new-york/restaurant/l-atelier-de-joel-robuchon562505,2
446,48,Jungsik,2019,40.718685,-74.00911,New York,New York City,10013,Korean,$$$$,https://guide.michelin.com/us/en/new-york-state/new-york/restaurant/jungsik,2
447,49,Atera,2019,40.716797,-74.00565,New York,New York City,10013,Contemporary,$$$$,https://guide.michelin.com/us/en/new-york-state/new-york/restaurant/atera,2
448,50,Jean-Georges,2019,40.76907,-73.98155,New York,New York City,10023,Contemporary,$$$$,https://guide.michelin.com/us/en/new-york-state/new-york/restaurant/jean-georges,2
449,51,Marea,2019,40.76749,-73.98114,New York,New York City,10019,Seafood,$$$$,https://guide.michelin.com/us/en/new-york-state/new-york/restaurant/marea,2
450,52,Gabriel Kreuther,2019,40.75397,-73.982025,New York,New York City,10036,Contemporary,$$$$,https://guide.michelin.com/us/en/new-york-state/new-york/restaurant/gabriel-kreuther,2
451,53,Ichimura at Uchū,2019,40.721832,-73.99012,New York,New York City,10002,Japanese,$$$$,https://guide.michelin.com/us/en/new-york-state/new-york/restaurant/ichimura-at-uchu,2
452,54,Sushi Ginza Onodera,2019,40.752396,-73.981575,New York,New York City,10017,Japanese,$$$$,https://guide.michelin.com/us/en/new-york-state/new-york/restaurant/sushi-ginza-onodera,2
453,55,Ko,2019,40.72909,-73.98448,New York,New York City,10003,Contemporary,$$$$,https://guide.michelin.com/us/en/new-york-state/new-york/restaurant/ko,2
454,56,The Modern,2019,40.76106,-73.97628,New York,New York City,10019,Contemporary,$$$$,https://guide.michelin.com/us/en/new-york-state/new-york/restaurant/the-modern,2
455,57,Aquavit,2019,40.76078,-73.97214,New York,New York City,10022,Scandinavian,$$$$,https://guide.michelin.com/us/en/new-york-state/new-york/restaurant/aquavit,2
456,58,Daniel,2019,40.7666,-73.96745,New York,New York City,10065,French,$$$$,https://guide.michelin.com/us/en/new-york-state/new-york/restaurant/daniel,2
457,59,Aska,2019,40.71222,-73.96642,New York,New York City,11249,Scandinavian,$$$$,https://guide.michelin.com/us/en/new-york-state/new-york/restaurant/aska,2
458,60,Blanca,2019,40.70492,-73.93354,New York,New York City,11206,Contemporary,$$$$,https://guide.michelin.com/us/en/new-york-state/new-york/restaurant/blanca,2
459,62,Oro,2019,-22.98601,-43.22471,Rio de Janeiro - 22441,Rio de Janeiro,015,creative,$$$$$,https://guide.michelin.com/br/en/rio-de-janeiro-region/rio-de-janeiro/restaurant/oro,2
460,63,Tuju,2019,-23.55653,-46.69083,São Paulo - 05416,Sao Paulo,001,creative,$$$$$,https://guide.michelin.com/br/en/sao-paulo-region/sao-paulo/restaurant/tuju,2
461,64,D.O.M.,2019,-23.56618,-46.66742,São Paulo - 01411,Sao Paulo,011,creative,$$$$$,https://guide.michelin.com/br/en/sao-paulo-region/sao-paulo/restaurant/d-o-m,2
462,65,Kojima,2019,37.52559,127.04193,Seoul,South Korea,,Sushi,$$$$$,https://guide.michelin.com/kr/en/seoul-capital-area/kr-seoul/restaurant/kojima,2
463,66,Jungsik,2019,37.525585,127.04107,Seoul,South Korea,,Korean contemporary,$$$,https://guide.michelin.com/kr/en/seoul-capital-area/kr-seoul/restaurant/jungsik511965,2
464,67,Kwonsooksoo,2019,37.526752,127.03571,Seoul,South Korea,,Korean,$$$,https://guide.michelin.com/kr/en/seoul-capital-area/kr-seoul/restaurant/kwonsooksoo,2
465,68,Mingles,2019,37.52219,127.0392,Seoul,South Korea,,Korean contemporary,$$$,https://guide.michelin.com/kr/en/seoul-capital-area/kr-seoul/restaurant/mingles,2
466,69,Alla Prima,2019,37.51844,127.03008,Seoul,South Korea,,Innovative,$$$,https://guide.michelin.com/kr/en/seoul-capital-area/kr-seoul/restaurant/alla-prima,2
467,70,Waku Ghin,2018,1.283175,103.8598,Singapore,Singapore,,Japanese contemporary,$$$$$,https://guide.michelin.com/sg/en/singapore-region/singapore/restaurant/waku-ghin,2
468,71,Odette,2018,1.2896459,103.8516,Singapore,Singapore,,French contemporary,$$$$,https://guide.michelin.com/sg/en/singapore-region/singapore/restaurant/odette,2
469,72,Shoukouwa,2018,1.2863698,103.854,Singapore,Singapore,,Sushi,$$$$$,https://guide.michelin.com/sg/en/singapore-region/singapore/restaurant/shoukouwa,2
470,73,Shisen Hanten,2018,1.302395,103.8365,Singapore,Singapore,,Chinese,$,https://guide.michelin.com/sg/en/singapore-region/singapore/restaurant/shisen-hanten,2
471,74,Les Amis,2018,1.3066648,103.8314,Singapore,Singapore,,French,$$$,https://guide.michelin.com/sg/en/singapore-region/singapore/restaurant/les-amis,2
472,75,Fäviken Magasinet,2019,63.43626,13.29337,Järpen,Sweden,837 94,Creative,$$$$,https://guide.michelin.com/se/en/jamtland/jarpen/restaurant/faviken-magasinet,2
473,76,Gastrologik,2019,59.33365,18.0807,Stockholm,Sweden,114 51,Creative,$$$$,https://guide.michelin.com/se/en/stockholm-region/stockholm/restaurant/gastrologik,2
474,77,Oaxen Krog,2019,59.322342,18.101831,Stockholm,Sweden,11521,Creative,$$$$,https://guide.michelin.com/se/en/stockholm-region/stockholm/restaurant/oaxen-krog,2
475,78,Vollmers,2019,55.604427,12.995848,Malmö,Sweden,21133,Creative,$$$$,https://guide.michelin.com/se/en/skane/malmo/restaurant/vollmers,2
476,79,Daniel Berlin,2019,55.61246,13.99265,Skåne-Tranås,Sweden,273 92,Creative,$$$$,https://guide.michelin.com/se/en/skane/skane-tranas/restaurant/daniel-berlin,2
477,80,RAW,2019,25.082666,121.559525,Taipei,Taipei,110,Innovative,$$$,https://guide.michelin.com/tw/en/taipei-region/taipei/restaurant/raw,2
478,81,Shoun RyuGin,2019,25.08258,121.5595,Taipei,Taipei,110,Japanese contemporary,$$$$,https://guide.michelin.com/tw/en/taipei-region/taipei/restaurant/shoun-ryugin,2
479,82,Taïrroir,2019,25.082718,121.559296,Taipei,Taipei,110,Innovative,$$$,https://guide.michelin.com/tw/en/taipei-region/taipei/restaurant/tairroir,2
480,83,Sushi Amamoto,2019,25.037945,121.55487,Taipei,Taipei,110,Sushi,$$$$,https://guide.michelin.com/tw/en/taipei-region/taipei/restaurant/sushi-amamoto,2
481,84,The Guest House,2019,25.04486,121.52198,Taipei,Taipei,110,Sichuan-Huai Yang,$$,https://guide.michelin.com/tw/en/taipei-region/taipei/restaurant/the-guest-house,2
482,85,Gaggan,2019,13.737679,100.542145,Bangkok,Thailand,,Innovative,$$$$$,https://guide.michelin.com/th/en/bangkok-region/bangkok/restaurant/gaggan,2
483,86,Sühring,2019,13.710947,100.545654,Bangkok,Thailand,,European contemporary,$$$$,https://guide.michelin.com/th/en/bangkok-region/bangkok/restaurant/suhring,2
484,87,Mezzaluna,2019,13.722148,100.51691,Bangkok,Thailand,,Innovative,$$$$$,https://guide.michelin.com/th/en/bangkok-region/bangkok/restaurant/mezzaluna,2
485,88,Le Normandie,2019,13.723197,100.513855,Bangkok,Thailand,,French contemporary,$$$$,https://guide.michelin.com/th/en/bangkok-region/bangkok/restaurant/le-normandie,2
486,89,minibar,2019,38.896294,-77.02386,"Washington, D.C.",Washington DC,20004,Contemporary,$$$$,https://guide.michelin.com/us/en/washington/washington-dc/restaurant/minibar,2
487,90,Pineapple and Pearls,2019,38.880707,-76.99514,"Washington, D.C.",Washington DC,20003,Contemporary,$$$$,https://guide.michelin.com/us/en/washington/washington-dc/restaurant/pineapple-and-pearls,2
488,0,Amador,2019,48.25406,16.35915,Wien,Austria,1190,Creative,$$$$$,https://guide.michelin.com/at/en/vienna/wien/restaurant/amador,3
489,1,Manresa,2019,37.22761,-121.98071,South San Francisco,California,95030,Contemporary,$$$$,https://guide.michelin.com/us/en/california/south-san-francisco/restaurant/manresa,3
490,2,Benu,2019,37.78521,-122.39876,San Francisco,California,94105,Asian,$$$$,https://guide.michelin.com/us/en/california/san-francisco/restaurant/benu,3
491,3,Quince,2019,37.79762,-122.40337,San Francisco,California,94133,Contemporary,$$$$,https://guide.michelin.com/us/en/california/san-francisco/restaurant/quince,3
492,4,Atelier Crenn,2019,37.79835,-122.43586,San Francisco,California,94123,Contemporary,$$$$,https://guide.michelin.com/us/en/california/san-francisco/restaurant/atelier-crenn,3
493,5,The French Laundry,2019,38.40443,-122.36474,San Francisco,California,94599,Contemporary,$$$$,https://guide.michelin.com/us/en/california/san-francisco/restaurant/the-french-laundry,3
494,6,The Restaurant at Meadowood,2019,38.52025,-122.46479,San Francisco,California,94574,Contemporary,$$$$,https://guide.michelin.com/us/en/california/san-francisco/restaurant/the-restaurant-at-meadowood,3
495,7,SingleThread,2019,38.612164,-122.869705,San Francisco,California,95448,Contemporary,$$$$,https://guide.michelin.com/us/en/california/san-francisco/restaurant/singlethread,3
496,8,Alinea,2019,41.91328,-87.64798,Chicago,Chicago,60614,Contemporary,$$$$,https://guide.michelin.com/us/en/illinois/chicago/restaurant/alinea,3
497,9,Geranium,2019,55.70393,12.57197,København,Denmark,2100 Ø,Creative,$$$$,https://guide.michelin.com/dk/en/capital-region/kobenhavn/restaurant/geranium,3
498,10,T'ang Court,2019,22.296572,114.1698,Hong Kong,Hong Kong,,Cantonese,$$$,https://guide.michelin.com/hk/en/hong-kong-region/hong-kong/restaurant/t-ang-court,3
499,11,Bo Innovation,2019,22.27614,114.171,Hong Kong,Hong Kong,,Innovative,$$$$$,https://guide.michelin.com/hk/en/hong-kong-region/hong-kong/restaurant/bo-innovation,3
500,12,Lung King Heen,2019,22.28665,114.15674,Hong Kong,Hong Kong,,Cantonese,$$$$,https://guide.michelin.com/hk/en/hong-kong-region/hong-kong/restaurant/lung-king-heen,3
501,13,Caprice,2019,22.286646,114.15662,Hong Kong,Hong Kong,,French,$$$$,https://guide.michelin.com/hk/en/hong-kong-region/hong-kong/restaurant/caprice,3
502,14,8½ Otto e Mezzo - Bombana,2019,22.28189,114.15839,Hong Kong,Hong Kong,,Italian,$$$$,https://guide.michelin.com/hk/en/hong-kong-region/hong-kong/restaurant/8%C2%BD-otto-e-mezzo-bombana,3
503,15,L'Atelier de Joël Robuchon,2019,22.281199,114.15816,Hong Kong,Hong Kong,,French contemporary,$$$$,https://guide.michelin.com/hk/en/hong-kong-region/hong-kong/restaurant/l-atelier-de-joel-robuchon,3
504,16,Sushi Shikon,2019,22.28511,114.15208,Hong Kong,Hong Kong,,Sushi,$$$$$,https://guide.michelin.com/hk/en/hong-kong-region/hong-kong/restaurant/sushi-shikon,3
505,17,The Eight,2019,22.190475,113.54341,Macau,Macau,,Chinese,$$$,https://guide.michelin.com/mo/en/macau-region/macau/restaurant/the-eight,3
506,18,Robuchon au Dôme,2019,22.189949,113.54395,Macau,Macau,,French contemporary,$$$$,https://guide.michelin.com/mo/en/macau-region/macau/restaurant/robuchon-au-dome,3
507,19,Jade Dragon,2019,22.149137,113.56715,Macau,Macau,,Cantonese,$$,https://guide.michelin.com/mo/en/macau-region/macau/restaurant/jade-dragon,3
508,20,Maaemo,2019,59.910477,10.760408,Oslo,Norway,0191,Modern cuisine,$$$$,https://guide.michelin.com/no/en/oslo-region/oslo/restaurant/maaemo,3
509,21,Masa,2019,40.76855,-73.98335,New York,New York City,10019,Japanese,$$$$,https://guide.michelin.com/us/en/new-york-state/new-york/restaurant/masa,3
510,22,Per Se,2019,40.76828,-73.98292,New York,New York City,10019,Contemporary,$$$$,https://guide.michelin.com/us/en/new-york-state/new-york/restaurant/per-se,3
511,23,Le Bernardin,2019,40.76177,-73.98223,New York,New York City,10019,Seafood,$$$$,https://guide.michelin.com/us/en/new-york-state/new-york/restaurant/le-bernardin,3
512,24,Eleven Madison Park,2019,40.7417,-73.98712,New York,New York City,10010,Contemporary,$$$$,https://guide.michelin.com/us/en/new-york-state/new-york/restaurant/eleven-madison-park,3
513,25,Chef's Table at Brooklyn Fare,2019,40.68872,-73.98581,New York,New York City,10018,Contemporary,$$$$,https://guide.michelin.com/us/en/new-york-state/new-york/restaurant/chef-s-table-at-brooklyn-fare,3
514,26,La Yeon,2019,37.555813,127.00517,Seoul,South Korea,,Korean,$$$$,https://guide.michelin.com/kr/en/seoul-capital-area/kr-seoul/restaurant/la-yeon,3
515,27,Gaon,2019,37.52265,127.03595,Seoul,South Korea,,Korean,$$$$$,https://guide.michelin.com/kr/en/seoul-capital-area/kr-seoul/restaurant/gaon,3
516,28,Frantzén,2019,59.33418,18.05812,Stockholm,Sweden,111 22,Modern cuisine,$$$$,https://guide.michelin.com/se/en/stockholm-region/stockholm/restaurant/frantzen,3
517,29,Le Palais,2019,25.049496,121.51674,Taipei,Taipei,110,Cantonese,$$,https://guide.michelin.com/tw/en/taipei-region/taipei/restaurant/le-palais,3
518,30,The Inn at Little Washington,2019,38.713623,-78.16208,"Washington, D.C.",Washington DC,22747,American,$$$$,https://guide.michelin.com/us/en/washington/washington-dc/restaurant/the-inn-at-little-washington,3
